date,country,new_cases
2020-01-22,India,0
2020-01-23,India,0
2020-01-24,India,0
2020-01-25,India,0
2020-01-26,India,0
2020-01-27,India,0
2020-01-28,India,0
2020-01-29,India,0
2020-01-30,India,1
2020-01-31,India,0
2020-02-01,India,0
2020-02-02,India,1
2020-02-03,India,1
2020-02-04,India,0
2020-02-05,India,0
2020-02-06,India,0
2020-02-07,India,0
2020-02-08,India,0
2020-02-09,India,0
2020-02-10,India,0
2020-02-11,India,0
2020-02-12,India,0
2020-02-13,India,0
2020-02-14,India,0
2020-02-15,India,0
2020-02-16,India,0
2020-02-17,India,0
2020-02-18,India,0
2020-02-19,India,0
2020-02-20,India,0
2020-02-21,India,0
2020-02-22,India,0
2020-02-23,India,0
2020-02-24,India,0
2020-02-25,India,0
2020-02-26,India,0
2020-02-27,India,0
2020-02-28,India,0
2020-02-29,India,0
2020-03-01,India,0
2020-03-02,India,2
2020-03-03,India,0
2020-03-04,India,23
2020-03-05,India,2
2020-03-06,India,1
2020-03-07,India,3
2020-03-08,India,5
2020-03-09,India,4
2020-03-10,India,13
2020-03-11,India,6
2020-03-12,India,11
2020-03-13,India,9
2020-03-14,India,20
2020-03-15,India,11
2020-03-16,India,6
2020-03-17,India,23
2020-03-18,India,14
2020-03-19,India,38
2020-03-20,India,50
2020-03-21,India,86
2020-03-22,India,66
2020-03-23,India,103
2020-03-24,India,37
2020-03-25,India,121
2020-03-26,India,70
2020-03-27,India,160
2020-03-28,India,100
2020-03-29,India,37
2020-03-30,India,227
2020-03-31,India,146
2020-04-01,India,601
2020-04-02,India,545
2020-04-03,India,24
2020-04-04,India,515
2020-04-05,India,506
2020-04-06,India,1190
2020-04-07,India,533
2020-04-08,India,605
2020-04-09,India,809
2020-04-10,India,873
2020-04-11,India,848
2020-04-12,India,759
2020-04-13,India,1248
2020-04-14,India,1034
2020-04-15,India,835
2020-04-16,India,1108
2020-04-17,India,922
2020-04-18,India,1370
2020-04-19,India,1893
2020-04-20,India,924
2020-04-21,India,1541
2020-04-22,India,1290
2020-04-23,India,1707
2020-04-24,India,1453
2020-04-25,India,1753
2020-04-26,India,1607
2020-04-27,India,1561
2020-04-28,India,1873
2020-04-29,India,1738
2020-04-30,India,1801
2020-05-01,India,2394
2020-05-02,India,2442
2020-05-03,India,2806
2020-05-04,India,3932
2020-05-05,India,2963
2020-05-06,India,3587
2020-05-07,India,3364
2020-05-08,India,3344
2020-05-09,India,3113
2020-05-10,India,4353
2020-05-11,India,3607
2020-05-12,India,3524
2020-05-13,India,3763
2020-05-14,India,3942
2020-05-15,India,3787
2020-05-16,India,4864
2020-05-17,India,5050
2020-05-18,India,4630
2020-05-19,India,6147
2020-05-20,India,5553
2020-05-21,India,6198
2020-05-22,India,6568
2020-05-23,India,6629
2020-05-24,India,7113
2020-05-25,India,6414
2020-05-26,India,5843
2020-05-27,India,7293
2020-05-28,India,7300
2020-05-29,India,8105
2020-05-30,India,8336
2020-05-31,India,8782
2020-06-01,India,7761
2020-06-02,India,8821
2020-06-03,India,9633
2020-06-04,India,9889
2020-06-05,India,9471
2020-06-06,India,10438
2020-06-07,India,10864
2020-06-08,India,8442
2020-06-09,India,10218
2020-06-10,India,10459
2020-06-11,India,10930
2020-06-12,India,11458
2020-06-13,India,11929
2020-06-14,India,11502
2020-06-15,India,10667
2020-06-16,India,10974
2020-06-17,India,12881
2020-06-18,India,13586
2020-06-19,India,14516
2020-06-20,India,15403
2020-06-21,India,14831
2020-06-22,India,14933
2020-06-23,India,15968
2020-06-24,India,16922
2020-06-25,India,17296
2020-06-26,India,18552
2020-06-27,India,19906
2020-06-28,India,19459
2020-06-29,India,18522
2020-06-30,India,18641
2020-07-01,India,19160
2020-07-02,India,20903
2020-07-03,India,22771
2020-07-04,India,24850
2020-07-05,India,24248
2020-07-06,India,22251
2020-07-07,India,22753
2020-07-08,India,24879
2020-07-09,India,26506
2020-07-10,India,27114
2020-07-11,India,28606
2020-07-12,India,28732
2020-07-13,India,28498
2020-07-14,India,29429
2020-07-15,India,32676
2020-07-16,India,34975
2020-07-17,India,35252
2020-07-18,India,38697
2020-07-19,India,40425
2020-07-20,India,37132
2020-07-21,India,37740
2020-07-22,India,45720
2020-07-23,India,49310
2020-07-24,India,48916
2020-07-25,India,48611
2020-07-26,India,49981
2020-07-27,India,44457
2020-07-28,India,51596
2020-07-29,India,50294
2020-07-30,India,52783
2020-07-31,India,61242
2020-08-01,India,54735
2020-08-02,India,52972
2020-08-03,India,52050
2020-08-04,India,52509
2020-08-05,India,56282
2020-08-06,India,62538
2020-08-07,India,61537
2020-08-08,India,64399
2020-08-09,India,62064
2020-08-10,India,53601
2020-08-11,India,60963
2020-08-12,India,66999
2020-08-13,India,64553
2020-08-14,India,64732
2020-08-15,India,64030
2020-08-16,India,57711
2020-08-17,India,55018
2020-08-18,India,64572
2020-08-19,India,69672
2020-08-20,India,68900
2020-08-21,India,69876
2020-08-22,India,69239
2020-08-23,India,61408
2020-08-24,India,60975
2020-08-25,India,57224
2020-08-26,India,85687
2020-08-27,India,77266
2020-08-28,India,76472
2020-08-29,India,78761
2020-08-30,India,78512
2020-08-31,India,69921
2020-09-01,India,78357
2020-09-02,India,83883
2020-09-03,India,83341
2020-09-04,India,86432
2020-09-05,India,90632
2020-09-06,India,90802
2020-09-07,India,75809
2020-09-08,India,89706
2020-09-09,India,95735
2020-09-10,India,96551
2020-09-11,India,97570
2020-09-12,India,94372
2020-09-13,India,92071
2020-09-14,India,83809
2020-09-15,India,90123
2020-09-16,India,97894
2020-09-17,India,96424
2020-09-18,India,93337
2020-09-19,India,92605
2020-09-20,India,86961
2020-09-21,India,75083
2020-09-22,India,83347
2020-09-23,India,86508
2020-09-24,India,86052
2020-09-25,India,85362
2020-09-26,India,88600
2020-09-27,India,82170
2020-09-28,India,70589
2020-09-29,India,80472
2020-09-30,India,86821
2020-10-01,India,81484
2020-10-02,India,79476
2020-10-03,India,75829
2020-10-04,India,74442
2020-10-05,India,61267
2020-10-06,India,72049
2020-10-07,India,78524
2020-10-08,India,70496
2020-10-09,India,73272
2020-10-10,India,74383
2020-10-11,India,66732
2020-10-12,India,55342
2020-10-13,India,63509
2020-10-14,India,67708
2020-10-15,India,63371
2020-10-16,India,62212
2020-10-17,India,61871
2020-10-18,India,55722
2020-10-19,India,46790
2020-10-20,India,54044
2020-10-21,India,55839
2020-10-22,India,54366
2020-10-23,India,53370
2020-10-24,India,50129
2020-10-25,India,45148
2020-10-26,India,36470
2020-10-27,India,43893
2020-10-28,India,49881
2020-10-29,India,48648
2020-10-30,India,48268
2020-10-31,India,46963
2020-11-01,India,45231
2020-11-02,India,38310
2020-11-03,India,46253
2020-11-04,India,50210
2020-11-05,India,47638
2020-11-06,India,50356
2020-11-07,India,45674
2020-11-08,India,45903
2020-11-09,India,38073
2020-11-10,India,44281
2020-11-11,India,47905
2020-11-12,India,44879
2020-11-13,India,44684
2020-11-14,India,41100
2020-11-15,India,30548
2020-11-16,India,29163
2020-11-17,India,38617
2020-11-18,India,45576
2020-11-19,India,45882
2020-11-20,India,46232
2020-11-21,India,45209
2020-11-22,India,44059
2020-11-23,India,37975
2020-11-24,India,44376
2020-11-25,India,44489
2020-11-26,India,43082
2020-11-27,India,41322
2020-11-28,India,41810
2020-11-29,India,38772
2020-11-30,India,31118
2020-12-01,India,36604
2020-12-02,India,35551
2020-12-03,India,36595
2020-12-04,India,36652
2020-12-05,India,36011
2020-12-06,India,32981
2020-12-07,India,26567
2020-12-08,India,32080
2020-12-09,India,31521
2020-12-10,India,29373
2020-12-11,India,30031
2020-12-12,India,30254
2020-12-13,India,27071
2020-12-14,India,22065
2020-12-15,India,26382
2020-12-16,India,24010
2020-12-17,India,22890
2020-12-18,India,25152
2020-12-19,India,26624
2020-12-20,India,24337
2020-12-21,India,19556
2020-12-22,India,23950
2020-12-23,India,24712
2020-12-24,India,23067
2020-12-25,India,22273
2020-12-26,India,18732
2020-12-27,India,20021
2020-12-28,India,16432
2020-12-29,India,20549
2020-12-30,India,21822
2020-12-31,India,20035
2021-01-01,India,19079
2021-01-02,India,18177
2021-01-03,India,16504
2021-01-04,India,16375
2021-01-05,India,18088
2021-01-06,India,20346
2021-01-07,India,18139
2021-01-08,India,0
2021-01-09,India,36867
2021-01-10,India,16311
2021-01-11,India,12584
2021-01-12,India,15968
2021-01-13,India,16946
2021-01-14,India,15590
2021-01-15,India,15158
2021-01-16,India,15144
2021-01-17,India,13788
2021-01-18,India,10050
2021-01-19,India,13816
2021-01-20,India,15244
2021-01-21,India,14545
2021-01-22,India,14256
2021-01-23,India,14849
2021-01-24,India,13203
2021-01-25,India,9102
2021-01-26,India,12689
2021-01-27,India,11666
2021-01-28,India,18855
2021-01-29,India,13082
2021-01-30,India,13044
2021-01-31,India,11436
2021-02-01,India,8635
2021-02-02,India,11039
2021-02-03,India,12899
2021-02-04,India,12408
2021-02-05,India,11713
2021-02-06,India,12059
2021-02-07,India,11831
2021-02-08,India,9110
2021-02-09,India,11067
2021-02-10,India,12923
2021-02-11,India,9309
2021-02-12,India,12143
2021-02-13,India,12194
2021-02-14,India,11649
2021-02-15,India,9121
2021-02-16,India,11610
2021-02-17,India,12881
2021-02-18,India,13193
2021-02-19,India,13993
2021-02-20,India,14264
2021-02-21,India,14199
2021-02-22,India,10584
2021-02-23,India,13742
2021-02-24,India,16738
2021-02-25,India,16577
2021-02-26,India,16488
2021-02-27,India,16752
2021-02-28,India,15510
2021-03-01,India,12286
2021-03-02,India,14989
2021-03-03,India,17407
2021-03-04,India,16838
2021-03-05,India,18284
2021-03-06,India,18754
2021-03-07,India,18599
2021-03-08,India,15388
2021-03-09,India,17921
2021-03-10,India,22854
2021-03-11,India,23285
2021-03-12,India,24882
2021-03-13,India,25320
2021-03-14,India,26291
2021-03-15,India,24492
2021-03-16,India,28903
2021-03-17,India,35871
2021-03-18,India,39726
2021-03-19,India,40953
2021-03-20,India,43846
2021-03-21,India,46951
2021-03-22,India,40715
2021-03-23,India,47262
2021-03-24,India,53476
2021-03-25,India,59118
2021-03-26,India,62258
2021-03-27,India,62714
2021-03-28,India,68020
2021-03-29,India,56211
2021-03-30,India,53480
2021-03-31,India,72330
2021-04-01,India,81466
2021-04-02,India,89129
2021-04-03,India,93249
2021-04-04,India,103558
2021-04-05,India,96982
2021-04-06,India,115736
2021-04-07,India,126789
2021-04-08,India,131968
2021-04-09,India,145384
2021-04-10,India,152879
2021-04-11,India,168912
2021-04-12,India,161736
2021-04-13,India,184372
2021-04-14,India,200739
2021-04-15,India,217353
2021-04-16,India,234692
2021-04-17,India,261394
2021-04-18,India,273802
2021-04-19,India,259167
2021-04-20,India,295158
2021-04-21,India,314644
2021-04-22,India,332921
2021-04-23,India,346786
2021-04-24,India,349691
2021-04-25,India,352991
2021-04-26,India,323023
2021-04-27,India,360927
2021-04-28,India,379308
2021-04-29,India,386555
2021-04-30,India,401993
2021-05-01,India,392488
2021-05-02,India,368060
2021-05-03,India,357316
2021-05-04,India,382146
2021-05-05,India,412431
2021-05-06,India,414188
2021-05-07,India,401078
2021-05-08,India,403405
2021-05-09,India,366494
2021-05-10,India,329942
2021-05-11,India,348421
2021-05-12,India,362727
2021-05-13,India,343144
2021-05-14,India,326098
2021-05-15,India,311170
2021-05-16,India,281386
2021-05-17,India,263533
2021-05-18,India,267334
2021-05-19,India,276110
2021-05-20,India,259551
2021-05-21,India,257299
2021-05-22,India,240842
2021-05-23,India,222315
2021-05-24,India,196427
2021-05-25,India,208921
2021-05-26,India,211298
2021-05-27,India,186364
2021-05-28,India,173790
2021-05-29,India,165553
2021-05-30,India,152734
2021-05-31,India,127510
2021-06-01,India,132788
2021-06-02,India,134154
2021-06-03,India,132364
2021-06-04,India,120529
2021-06-05,India,114460
2021-06-06,India,100636
2021-06-07,India,86498
2021-06-08,India,92596
2021-06-09,India,93463
2021-06-10,India,92291
2021-06-11,India,84332
2021-06-12,India,80834
2021-06-13,India,70421
2021-06-14,India,60471
2021-06-15,India,62224
2021-06-16,India,67208
2021-06-17,India,62480
2021-06-18,India,60753
2021-06-19,India,58226
2021-06-20,India,53449
2021-06-21,India,42640
2021-06-22,India,50848
2021-06-23,India,54069
2021-06-24,India,51667
2021-06-25,India,48698
2021-06-26,India,50040
2021-06-27,India,46148
2021-06-28,India,37566
2021-06-29,India,45951
2021-06-30,India,48786
2021-07-01,India,46617
2021-07-02,India,44111
2021-07-03,India,43071
2021-07-04,India,39796
2021-07-05,India,34703
2021-07-06,India,43733
2021-07-07,India,45892
2021-07-08,India,43393
2021-07-09,India,42766
2021-07-10,India,41506
2021-07-11,India,37154
2021-07-12,India,32906
2021-07-13,India,38865
2021-07-14,India,41733
2021-07-15,India,38949
2021-07-16,India,38079
2021-07-17,India,41157
2021-07-18,India,38164
2021-07-19,India,30093
2021-07-20,India,42015
2021-07-21,India,41383
2021-07-22,India,35342
2021-07-23,India,39097
2021-07-24,India,39742
2021-07-25,India,39361
2021-07-26,India,29689
2021-07-27,India,43654
2021-07-28,India,43509
2021-07-29,India,44230
2021-07-30,India,41649
2021-07-31,India,41831
2021-08-01,India,40134
2021-08-02,India,30549
2021-08-03,India,42625
2021-08-04,India,42982
2021-08-05,India,44643
2021-08-06,India,38628
2021-08-07,India,39070
2021-08-08,India,35499
2021-08-09,India,28204
2021-08-10,India,38353
2021-08-11,India,41195
2021-08-12,India,40120
2021-08-13,India,38667
2021-08-14,India,36083
2021-08-15,India,32937
2021-08-16,India,25166
2021-08-17,India,35178
2021-08-18,India,36401
2021-08-19,India,36571
2021-08-20,India,34457
2021-08-21,India,30948
2021-08-22,India,25072
2021-08-23,India,25467
2021-08-24,India,37593
2021-08-25,India,46164
2021-08-26,India,44658
2021-08-27,India,46759
2021-08-28,India,45083
2021-08-29,India,42909
2021-08-30,India,30941
2021-08-31,India,41965
2021-09-01,India,47092
2021-09-02,India,45352
2021-09-03,India,42618
2021-09-04,India,42766
2021-09-05,India,38948
2021-09-06,India,31222
2021-09-07,India,37875
2021-09-08,India,43263
2021-09-09,India,34973
2021-09-10,India,33376
2021-09-11,India,28591
2021-09-12,India,27254
2021-09-13,India,25404
2021-09-14,India,27176
2021-09-15,India,30570
2021-09-16,India,34403
2021-09-17,India,35662
2021-09-18,India,30773
2021-09-19,India,30256
2021-09-20,India,26115
2021-09-21,India,26964
2021-09-22,India,31923
2021-09-23,India,31382
2021-09-24,India,29616
2021-09-25,India,28326
2021-09-26,India,26041
2021-09-27,India,18795
2021-09-28,India,18870
2021-09-29,India,23529
2021-09-30,India,26727
2021-10-01,India,24354
2021-10-02,India,22842
2021-10-03,India,20799
2021-10-04,India,18346
2021-10-05,India,18833
2021-10-06,India,22431
2021-10-07,India,21257
2021-10-08,India,19740
2021-10-09,India,18166
2021-10-10,India,18132
2021-10-11,India,14313
2021-10-12,India,15823
2021-10-13,India,18987
2021-10-14,India,16862
2021-10-15,India,15981
2021-10-16,India,14146
2021-10-17,India,13596
2021-10-18,India,13058
2021-10-19,India,14623
2021-10-20,India,18454
2021-10-21,India,15786
2021-10-22,India,16326
2021-10-23,India,15906
2021-10-24,India,14306
2021-10-25,India,12428
2021-10-26,India,13451
2021-10-27,India,16156
2021-10-28,India,14348
2021-10-29,India,14313
2021-10-30,India,12830
2021-10-31,India,12514
2021-11-01,India,10423
2021-11-02,India,11903
2021-11-03,India,12885
2021-11-04,India,12729
2021-11-05,India,10929
2021-11-06,India,10826
2021-11-07,India,11478
2021-11-08,India,10126
2021-11-09,India,11466
2021-11-10,India,13091
2021-11-11,India,12516
2021-11-12,India,11850
2021-11-13,India,11271
2021-11-14,India,10229
2021-11-15,India,8865
2021-11-16,India,10197
2021-11-17,India,11919
2021-11-18,India,11106
2021-11-19,India,10302
2021-11-20,India,10488
2021-11-21,India,8488
2021-11-22,India,7579
2021-11-23,India,9283
2021-11-24,India,9119
2021-11-25,India,10549
2021-11-26,India,8318
2021-11-27,India,8774
2021-11-28,India,8309
2021-11-29,India,6990
2021-11-30,India,8954
2021-12-01,India,9765
2021-12-02,India,9216
2021-12-03,India,8603
2021-12-04,India,0
2021-12-05,India,17201
2021-12-06,India,6822
2021-12-07,India,8439
2021-12-08,India,9419
2021-12-09,India,8402
2021-12-10,India,7990
2021-12-11,India,7877
2021-12-12,India,7350
2021-12-13,India,5784
2021-12-14,India,6984
2021-12-15,India,7974
2021-12-16,India,7447
2021-12-17,India,0
2021-12-18,India,7145
2021-12-19,India,13644
2021-12-20,India,5326
2021-12-21,India,6317
2021-12-22,India,7495
2021-12-23,India,6650
2021-12-24,India,7189
2021-12-25,India,6987
2021-12-26,India,6531
2021-12-27,India,6358
2021-12-28,India,9195
2021-12-29,India,13154
2021-12-30,India,16764
2021-12-31,India,22775
2022-01-01,India,27553
2022-01-02,India,33750
2022-01-03,India,37379
2022-01-04,India,58097
2022-01-05,India,90928
2022-01-06,India,117100
2022-01-07,India,141986
2022-01-08,India,159632
2022-01-09,India,179723
2022-01-10,India,168063
2022-01-11,India,194720
2022-01-12,India,247417
2022-01-13,India,264202
2022-01-14,India,268833
2022-01-15,India,271202
2022-01-16,India,258089
2022-01-17,India,238018
2022-01-18,India,282970
2022-01-19,India,317532
2022-01-20,India,347254
2022-01-21,India,337704
2022-01-22,India,333533
2022-01-23,India,306064
2022-01-24,India,255874
2022-01-25,India,285914
2022-01-26,India,286384
2022-01-27,India,251209
2022-01-28,India,235532
2022-01-29,India,234281
2022-01-30,India,209918
2022-01-31,India,167059
2022-02-01,India,161386
2022-02-02,India,172433
2022-02-03,India,149394
2022-02-04,India,127952
2022-02-05,India,107474
2022-02-06,India,83876
2022-02-07,India,67597
2022-02-08,India,71365
2022-02-09,India,67084
2022-02-10,India,58077
2022-02-11,India,50407
2022-02-12,India,44877
2022-02-13,India,34113
2022-02-14,India,27409
2022-02-15,India,30615
2022-02-16,India,30757
2022-02-17,India,25920
2022-02-18,India,22270
2022-02-19,India,19968
2022-02-20,India,16051
2022-02-21,India,13405
2022-02-22,India,15102
2022-02-23,India,14148
2022-02-24,India,13166
2022-02-25,India,11499
2022-02-26,India,10273
2022-02-27,India,8013
2022-02-28,India,6915
2022-03-01,India,7554
2022-03-02,India,6561
2022-03-03,India,6396
2022-03-04,India,5921
2022-03-05,India,5476
2022-03-06,India,4362
2022-03-07,India,3993
2022-03-08,India,4575
2022-03-09,India,4184
2022-03-10,India,4194
2022-03-11,India,3614
2022-03-12,India,3116
2022-03-13,India,2503
2022-03-14,India,2568
2022-03-15,India,2876
2022-03-16,India,2539
2022-03-17,India,2528
2022-03-18,India,2075
2022-03-19,India,1761
2022-03-20,India,1549
2022-03-21,India,1581
2022-03-22,India,1778
2022-03-23,India,1938
2022-03-24,India,1685
2022-03-25,India,1660
2022-03-26,India,1421
2022-03-27,India,1270
2022-03-28,India,1259
2022-03-29,India,1233
2022-03-30,India,1225
2022-03-31,India,1335
2022-04-01,India,1260
2022-04-02,India,1096
2022-04-03,India,913
2022-04-04,India,795
2022-04-05,India,1086
2022-04-06,India,1033
2022-04-07,India,1109
2022-04-08,India,1150
2022-04-09,India,1054
2022-04-10,India,861
2022-04-11,India,796
2022-04-12,India,1088
2022-04-13,India,1007
2022-04-14,India,949
2022-04-15,India,975
2022-04-16,India,1150
2022-04-17,India,2183
2022-04-18,India,1247
2022-04-19,India,2067
2022-04-20,India,2380
2022-04-21,India,2451
2022-04-22,India,2527
2022-04-23,India,2593
2022-04-24,India,2541
2022-04-25,India,11
2022-04-26,India,5399
2022-04-27,India,3303
2022-04-28,India,3377
2022-04-29,India,3688
2022-04-30,India,3324
2022-05-01,India,3157
2022-05-02,India,2568
2022-05-03,India,3205
2022-05-04,India,3275
2022-05-05,India,3545
2022-05-06,India,3805
2022-05-07,India,3451
2022-05-08,India,3207
2022-05-09,India,2288
2022-05-10,India,2897
2022-05-11,India,2827
2022-05-12,India,2841
2022-05-13,India,2858
2022-05-14,India,2487
2022-05-15,India,2202
2022-05-16,India,1569
2022-05-17,India,1829
2022-05-18,India,2364
2022-05-19,India,2259
2022-05-20,India,2323
2022-05-21,India,2226
2022-05-22,India,2022
2022-05-23,India,1675
2022-05-24,India,2124
2022-05-25,India,2628
2022-05-26,India,2710
2022-05-27,India,2685
2022-05-28,India,2828
2022-05-29,India,2706
2022-05-30,India,2338
2022-05-31,India,2745
2022-06-01,India,3712
2022-06-02,India,4041
2022-06-03,India,3962
2022-06-04,India,4270
2022-06-05,India,4518
2022-06-06,India,3714
2022-06-07,India,5233
2022-06-08,India,7240
2022-06-09,India,7584
2022-06-10,India,8329
2022-06-11,India,8582
2022-06-12,India,8084
2022-06-13,India,6594
2022-06-14,India,8822
2022-06-15,India,12213
2022-06-16,India,12847
2022-06-17,India,13216
2022-06-18,India,12899
2022-06-19,India,12781
2022-06-20,India,9923
2022-06-21,India,12249
2022-06-22,India,13313
2022-06-23,India,17336
2022-06-24,India,15940
2022-06-25,India,11739
2022-06-26,India,17073
2022-06-27,India,11793
2022-06-28,India,14506
2022-06-29,India,18819
2022-06-30,India,17070
2022-07-01,India,17092
2022-07-02,India,16103
2022-07-03,India,16135
2022-07-04,India,13086
2022-07-05,India,16159
2022-07-06,India,18930
2022-07-07,India,18815
2022-07-08,India,18840
2022-07-09,India,18257
2022-07-10,India,16678
2022-07-11,India,13615
2022-07-12,India,16906
2022-07-13,India,20139
2022-07-14,India,20038
2022-07-15,India,20044
2022-07-16,India,20528
2022-07-17,India,16935
2022-07-18,India,15528
2022-07-19,India,18616
2022-07-20,India,23050
2022-07-21,India,22337
2022-07-22,India,21411
2022-07-23,India,20279
2022-07-24,India,16866
2022-07-25,India,14830
2022-07-26,India,18313
2022-07-27,India,20557
2022-07-28,India,20409
2022-07-29,India,20408
2022-07-30,India,19673
2022-07-31,India,16464
2022-08-01,India,13734
2022-08-02,India,17135
2022-08-03,India,19893
2022-08-04,India,20551
2022-08-05,India,19406
2022-08-06,India,18715
2022-08-07,India,0
2022-08-08,India,28941
2022-08-09,India,16047
2022-08-10,India,16299
2022-08-11,India,16561
2022-08-12,India,15815
2022-08-13,India,14092
2022-08-14,India,14917
2022-08-15,India,9330
2022-08-16,India,8545
2022-08-17,India,12608
2022-08-18,India,15754
2022-08-19,India,13272
2022-08-20,India,11539
2022-08-21,India,9531
2022-08-22,India,8586
2022-08-23,India,10649
2022-08-24,India,10725
2022-08-25,India,10256
2022-08-26,India,9520
2022-08-27,India,9436
2022-08-28,India,7591
2022-08-29,India,0
2022-08-30,India,0
2022-08-31,India,20616
2022-09-01,India,6168
2022-09-02,India,7219
2022-09-03,India,6809
2022-09-04,India,5910
2022-09-05,India,4417
2022-09-06,India,2799
2022-09-07,India,8975
2022-09-08,India,6093
2022-09-09,India,5554
2022-09-10,India,5076
2022-09-11,India,5221
2022-09-12,India,1783
2022-09-13,India,7694
2022-09-14,India,6422
2022-09-15,India,6298
2022-09-16,India,5747
2022-09-17,India,5664
2022-09-18,India,4858
2022-09-19,India,4043
2022-09-20,India,1922
2022-09-21,India,8031
2022-09-22,India,5383
2022-09-23,India,4912
2022-09-24,India,4777
2022-09-25,India,4129
2022-09-26,India,3230
2022-09-27,India,3615
2022-09-28,India,4272
2022-09-29,India,3947
2022-09-30,India,3805
2022-10-01,India,3375
2022-10-02,India,3011
2022-10-03,India,1968
2022-10-04,India,2426
2022-10-05,India,2571
2022-10-06,India,1997
2022-10-07,India,2797
2022-10-08,India,2756
2022-10-09,India,2424
2022-10-10,India,1957
2022-10-11,India,0
2022-10-12,India,5084
2022-10-13,India,2678
2022-10-14,India,2430
2022-10-15,India,2401
2022-10-16,India,2060
2022-10-17,India,1542
2022-10-18,India,1946
2022-10-19,India,2141
2022-10-20,India,2119
2022-10-21,India,2112
2022-10-22,India,1994
2022-10-23,India,1334
2022-10-24,India,862
2022-10-25,India,830
2022-10-26,India,1112
2022-10-27,India,2208
2022-10-28,India,1574
2022-10-29,India,1594
2022-10-30,India,1336
2022-10-31,India,1046
2022-11-01,India,1190
2022-11-02,India,98
2022-11-03,India,2439
2022-11-04,India,1082
2022-11-05,India,1132
2022-11-06,India,925
2022-11-07,India,0
2022-11-08,India,0
2022-11-09,India,0
2022-11-10,India,4517
2022-11-11,India,833
2022-11-12,India,729
2022-11-13,India,552
2022-11-14,India,466
2022-11-15,India,510
2022-11-16,India,635
2022-11-17,India,0
2022-11-18,India,1781
2022-11-19,India,492
2022-11-20,India,406
2022-11-21,India,294
2022-11-22,India,360
2022-11-23,India,408
2022-11-24,India,340
2022-11-25,India,394
2022-11-26,India,345
2022-11-27,India,291
2022-11-28,India,215
2022-11-29,India,274
2022-11-30,India,296
2022-12-01,India,275
2022-12-02,India,252
2022-12-03,India,226
2022-12-04,India,226
2022-12-05,India,164
2022-12-06,India,166
2022-12-07,India,241
2022-12-08,India,249
2022-12-09,India,210
2022-12-10,India,173
2022-12-11,India,0
2022-12-12,India,273
2022-12-13,India,152
2022-12-14,India,200
2022-12-15,India,162
2022-12-16,India,167
2022-12-17,India,176
2022-12-18,India,135
2022-12-19,India,112
2022-12-20,India,132
2022-12-21,India,185
2022-12-22,India,163
2022-12-23,India,201
2022-12-24,India,227
2022-12-25,India,187
2022-12-26,India,166
2022-12-27,India,188
2022-12-28,India,268
2022-12-29,India,243
2022-12-30,India,226
2022-12-31,India,265
2020-01-22,Pakistan,0
2020-01-23,Pakistan,0
2020-01-24,Pakistan,0
2020-01-25,Pakistan,0
2020-01-26,Pakistan,0
2020-01-27,Pakistan,0
2020-01-28,Pakistan,0
2020-01-29,Pakistan,0
2020-01-30,Pakistan,0
2020-01-31,Pakistan,0
2020-02-01,Pakistan,0
2020-02-02,Pakistan,0
2020-02-03,Pakistan,0
2020-02-04,Pakistan,0
2020-02-05,Pakistan,0
2020-02-06,Pakistan,0
2020-02-07,Pakistan,0
2020-02-08,Pakistan,0
2020-02-09,Pakistan,0
2020-02-10,Pakistan,0
2020-02-11,Pakistan,0
2020-02-12,Pakistan,0
2020-02-13,Pakistan,0
2020-02-14,Pakistan,0
2020-02-15,Pakistan,0
2020-02-16,Pakistan,0
2020-02-17,Pakistan,0
2020-02-18,Pakistan,0
2020-02-19,Pakistan,0
2020-02-20,Pakistan,0
2020-02-21,Pakistan,0
2020-02-22,Pakistan,0
2020-02-23,Pakistan,0
2020-02-24,Pakistan,0
2020-02-25,Pakistan,2
2020-02-26,Pakistan,0
2020-02-27,Pakistan,0
2020-02-28,Pakistan,2
2020-02-29,Pakistan,0
2020-03-01,Pakistan,0
2020-03-02,Pakistan,1
2020-03-03,Pakistan,0
2020-03-04,Pakistan,0
2020-03-05,Pakistan,1
2020-03-06,Pakistan,0
2020-03-07,Pakistan,0
2020-03-08,Pakistan,0
2020-03-09,Pakistan,10
2020-03-10,Pakistan,3
2020-03-11,Pakistan,1
2020-03-12,Pakistan,8
2020-03-13,Pakistan,3
2020-03-14,Pakistan,22
2020-03-15,Pakistan,83
2020-03-16,Pakistan,100
2020-03-17,Pakistan,63
2020-03-18,Pakistan,155
2020-03-19,Pakistan,47
2020-03-20,Pakistan,229
2020-03-21,Pakistan,46
2020-03-22,Pakistan,99
2020-03-23,Pakistan,97
2020-03-24,Pakistan,91
2020-03-25,Pakistan,138
2020-03-26,Pakistan,172
2020-03-27,Pakistan,122
2020-03-28,Pakistan,102
2020-03-29,Pakistan,120
2020-03-30,Pakistan,221
2020-03-31,Pakistan,180
2020-04-01,Pakistan,303
2020-04-02,Pakistan,265
2020-04-03,Pakistan,132
2020-04-04,Pakistan,339
2020-04-05,Pakistan,609
2020-04-06,Pakistan,269
2020-04-07,Pakistan,228
2020-04-08,Pakistan,226
2020-04-09,Pakistan,206
2020-04-10,Pakistan,316
2020-04-11,Pakistan,219
2020-04-12,Pakistan,266
2020-04-13,Pakistan,341
2020-04-14,Pakistan,546
2020-04-15,Pakistan,536
2020-04-16,Pakistan,106
2020-04-17,Pakistan,613
2020-04-18,Pakistan,710
2020-04-19,Pakistan,70
2020-04-20,Pakistan,1147
2020-04-21,Pakistan,511
2020-04-22,Pakistan,1079
2020-04-23,Pakistan,785
2020-04-24,Pakistan,783
2020-04-25,Pakistan,605
2020-04-26,Pakistan,587
2020-04-27,Pakistan,697
2020-04-28,Pakistan,913
2020-04-29,Pakistan,1292
2020-04-30,Pakistan,1297
2020-05-01,Pakistan,989
2020-05-02,Pakistan,981
2020-05-03,Pakistan,857
2020-05-04,Pakistan,1108
2020-05-05,Pakistan,2024
2020-05-06,Pakistan,571
2020-05-07,Pakistan,1791
2020-05-08,Pakistan,2301
2020-05-09,Pakistan,1598
2020-05-10,Pakistan,1747
2020-05-11,Pakistan,2255
2020-05-12,Pakistan,962
2020-05-13,Pakistan,490
2020-05-14,Pakistan,3011
2020-05-15,Pakistan,0
2020-05-16,Pakistan,1352
2020-05-17,Pakistan,1974
2020-05-18,Pakistan,1841
2020-05-19,Pakistan,1932
2020-05-20,Pakistan,2193
2020-05-21,Pakistan,2603
2020-05-22,Pakistan,1743
2020-05-23,Pakistan,2164
2020-05-24,Pakistan,1748
2020-05-25,Pakistan,1356
2020-05-26,Pakistan,1446
2020-05-27,Pakistan,2076
2020-05-28,Pakistan,2801
2020-05-29,Pakistan,2429
2020-05-30,Pakistan,3039
2020-05-31,Pakistan,2964
2020-06-01,Pakistan,3938
2020-06-02,Pakistan,4065
2020-06-03,Pakistan,4801
2020-06-04,Pakistan,3985
2020-06-05,Pakistan,4734
2020-06-06,Pakistan,4960
2020-06-07,Pakistan,4728
2020-06-08,Pakistan,4646
2020-06-09,Pakistan,5385
2020-06-10,Pakistan,5834
2020-06-11,Pakistan,6397
2020-06-12,Pakistan,0
2020-06-13,Pakistan,6472
2020-06-14,Pakistan,12073
2020-06-15,Pakistan,4443
2020-06-16,Pakistan,5839
2020-06-17,Pakistan,5358
2020-06-18,Pakistan,4944
2020-06-19,Pakistan,6604
2020-06-20,Pakistan,4951
2020-06-21,Pakistan,4471
2020-06-22,Pakistan,3946
2020-06-23,Pakistan,3892
2020-06-24,Pakistan,4044
2020-06-25,Pakistan,2775
2020-06-26,Pakistan,3138
2020-06-27,Pakistan,4072
2020-06-28,Pakistan,3557
2020-06-29,Pakistan,2825
2020-06-30,Pakistan,4133
2020-07-01,Pakistan,4339
2020-07-02,Pakistan,4087
2020-07-03,Pakistan,0
2020-07-04,Pakistan,3387
2020-07-05,Pakistan,6535
2020-07-06,Pakistan,2691
2020-07-07,Pakistan,2980
2020-07-08,Pakistan,3359
2020-07-09,Pakistan,2751
2020-07-10,Pakistan,2752
2020-07-11,Pakistan,2521
2020-07-12,Pakistan,2753
2020-07-13,Pakistan,1979
2020-07-14,Pakistan,2165
2020-07-15,Pakistan,2145
2020-07-16,Pakistan,0
2020-07-17,Pakistan,4003
2020-07-18,Pakistan,1579
2020-07-19,Pakistan,1587
2020-07-20,Pakistan,1013
2020-07-21,Pakistan,1332
2020-07-22,Pakistan,1763
2020-07-23,Pakistan,1209
2020-07-24,Pakistan,1487
2020-07-25,Pakistan,1226
2020-07-26,Pakistan,0
2020-07-27,Pakistan,1176
2020-07-28,Pakistan,936
2020-07-29,Pakistan,1063
2020-07-30,Pakistan,1114
2020-07-31,Pakistan,903
2020-08-01,Pakistan,0
2020-08-02,Pakistan,1394
2020-08-03,Pakistan,762
2020-08-04,Pakistan,0
2020-08-05,Pakistan,675
2020-08-06,Pakistan,727
2020-08-07,Pakistan,782
2020-08-08,Pakistan,842
2020-08-09,Pakistan,634
2020-08-10,Pakistan,539
2020-08-11,Pakistan,531
2020-08-12,Pakistan,730
2020-08-13,Pakistan,753
2020-08-14,Pakistan,626
2020-08-15,Pakistan,747
2020-08-16,Pakistan,1168
2020-08-17,Pakistan,0
2020-08-18,Pakistan,617
2020-08-19,Pakistan,613
2020-08-20,Pakistan,513
2020-08-21,Pakistan,630
2020-08-22,Pakistan,586
2020-08-23,Pakistan,1087
2020-08-24,Pakistan,0
2020-08-25,Pakistan,450
2020-08-26,Pakistan,482
2020-08-27,Pakistan,445
2020-08-28,Pakistan,415
2020-08-29,Pakistan,319
2020-08-30,Pakistan,264
2020-08-31,Pakistan,213
2020-09-01,Pakistan,300
2020-09-02,Pakistan,865
2020-09-03,Pakistan,498
2020-09-04,Pakistan,513
2020-09-05,Pakistan,0
2020-09-06,Pakistan,878
2020-09-07,Pakistan,330
2020-09-08,Pakistan,426
2020-09-09,Pakistan,371
2020-09-10,Pakistan,341
2020-09-11,Pakistan,584
2020-09-12,Pakistan,526
2020-09-13,Pakistan,539
2020-09-14,Pakistan,404
2020-09-15,Pakistan,665
2020-09-16,Pakistan,545
2020-09-17,Pakistan,752
2020-09-18,Pakistan,645
2020-09-19,Pakistan,640
2020-09-20,Pakistan,633
2020-09-21,Pakistan,582
2020-09-22,Pakistan,532
2020-09-23,Pakistan,799
2020-09-24,Pakistan,798
2020-09-25,Pakistan,566
2020-09-26,Pakistan,694
2020-09-27,Pakistan,566
2020-09-28,Pakistan,675
2020-09-29,Pakistan,747
2020-09-30,Pakistan,543
2020-10-01,Pakistan,625
2020-10-02,Pakistan,553
2020-10-03,Pakistan,632
2020-10-04,Pakistan,0
2020-10-05,Pakistan,1111
2020-10-06,Pakistan,624
2020-10-07,Pakistan,583
2020-10-08,Pakistan,661
2020-10-09,Pakistan,671
2020-10-10,Pakistan,666
2020-10-11,Pakistan,385
2020-10-12,Pakistan,531
2020-10-13,Pakistan,615
2020-10-14,Pakistan,755
2020-10-15,Pakistan,659
2020-10-16,Pakistan,575
2020-10-17,Pakistan,567
2020-10-18,Pakistan,433
2020-10-19,Pakistan,582
2020-10-20,Pakistan,710
2020-10-21,Pakistan,736
2020-10-22,Pakistan,736
2020-10-23,Pakistan,847
2020-10-24,Pakistan,832
2020-10-25,Pakistan,707
2020-10-26,Pakistan,773
2020-10-27,Pakistan,825
2020-10-28,Pakistan,908
2020-10-29,Pakistan,1078
2020-10-30,Pakistan,807
2020-10-31,Pakistan,977
2020-11-01,Pakistan,1123
2020-11-02,Pakistan,1167
2020-11-03,Pakistan,1313
2020-11-04,Pakistan,1302
2020-11-05,Pakistan,1376
2020-11-06,Pakistan,1502
2020-11-07,Pakistan,1436
2020-11-08,Pakistan,1650
2020-11-09,Pakistan,1637
2020-11-10,Pakistan,1708
2020-11-11,Pakistan,1808
2020-11-12,Pakistan,2304
2020-11-13,Pakistan,2165
2020-11-14,Pakistan,2443
2020-11-15,Pakistan,2128
2020-11-16,Pakistan,2050
2020-11-17,Pakistan,2298
2020-11-18,Pakistan,2547
2020-11-19,Pakistan,2738
2020-11-20,Pakistan,2843
2020-11-21,Pakistan,2665
2020-11-22,Pakistan,2756
2020-11-23,Pakistan,2954
2020-11-24,Pakistan,3009
2020-11-25,Pakistan,3306
2020-11-26,Pakistan,3113
2020-11-27,Pakistan,3045
2020-11-28,Pakistan,2829
2020-11-29,Pakistan,2839
2020-11-30,Pakistan,2458
2020-12-01,Pakistan,2829
2020-12-02,Pakistan,3499
2020-12-03,Pakistan,3262
2020-12-04,Pakistan,3119
2020-12-05,Pakistan,3308
2020-12-06,Pakistan,3795
2020-12-07,Pakistan,2885
2020-12-08,Pakistan,2963
2020-12-09,Pakistan,3138
2020-12-10,Pakistan,3047
2020-12-11,Pakistan,2729
2020-12-12,Pakistan,3369
2020-12-13,Pakistan,2362
2020-12-14,Pakistan,2459
2020-12-15,Pakistan,2731
2020-12-16,Pakistan,2545
2020-12-17,Pakistan,2972
2020-12-18,Pakistan,3179
2020-12-19,Pakistan,2615
2020-12-20,Pakistan,1680
2020-12-21,Pakistan,1704
2020-12-22,Pakistan,2142
2020-12-23,Pakistan,2256
2020-12-24,Pakistan,2152
2020-12-25,Pakistan,2260
2020-12-26,Pakistan,1853
2020-12-27,Pakistan,1974
2020-12-28,Pakistan,1776
2020-12-29,Pakistan,2155
2020-12-30,Pakistan,2475
2020-12-31,Pakistan,2463
2021-01-01,Pakistan,2184
2021-01-02,Pakistan,2272
2021-01-03,Pakistan,1895
2021-01-04,Pakistan,1947
2021-01-05,Pakistan,2118
2021-01-06,Pakistan,2481
2021-01-07,Pakistan,2435
2021-01-08,Pakistan,2007
2021-01-09,Pakistan,2899
2021-01-10,Pakistan,1877
2021-01-11,Pakistan,2408
2021-01-12,Pakistan,2123
2021-01-13,Pakistan,3097
2021-01-14,Pakistan,2417
2021-01-15,Pakistan,2432
2021-01-16,Pakistan,2521
2021-01-17,Pakistan,1920
2021-01-18,Pakistan,1800
2021-01-19,Pakistan,1772
2021-01-20,Pakistan,2363
2021-01-21,Pakistan,1745
2021-01-22,Pakistan,1927
2021-01-23,Pakistan,1594
2021-01-24,Pakistan,1629
2021-01-25,Pakistan,1873
2021-01-26,Pakistan,1563
2021-01-27,Pakistan,1910
2021-01-28,Pakistan,1644
2021-01-29,Pakistan,2183
2021-01-30,Pakistan,1599
2021-01-31,Pakistan,1615
2021-02-01,Pakistan,1220
2021-02-02,Pakistan,1384
2021-02-03,Pakistan,1508
2021-02-04,Pakistan,1302
2021-02-05,Pakistan,1286
2021-02-06,Pakistan,1346
2021-02-07,Pakistan,1037
2021-02-08,Pakistan,1008
2021-02-09,Pakistan,1072
2021-02-10,Pakistan,1502
2021-02-11,Pakistan,1270
2021-02-12,Pakistan,1262
2021-02-13,Pakistan,1404
2021-02-14,Pakistan,1048
2021-02-15,Pakistan,0
2021-02-16,Pakistan,1912
2021-02-17,Pakistan,1272
2021-02-18,Pakistan,1245
2021-02-19,Pakistan,1340
2021-02-20,Pakistan,1328
2021-02-21,Pakistan,1160
2021-02-22,Pakistan,1050
2021-02-23,Pakistan,1196
2021-02-24,Pakistan,1361
2021-02-25,Pakistan,1541
2021-02-26,Pakistan,1315
2021-02-27,Pakistan,1176
2021-02-28,Pakistan,1392
2021-03-01,Pakistan,1163
2021-03-02,Pakistan,1388
2021-03-03,Pakistan,1519
2021-03-04,Pakistan,1579
2021-03-05,Pakistan,1714
2021-03-06,Pakistan,1780
2021-03-07,Pakistan,1592
2021-03-08,Pakistan,1353
2021-03-09,Pakistan,1786
2021-03-10,Pakistan,2258
2021-03-11,Pakistan,2701
2021-03-12,Pakistan,2338
2021-03-13,Pakistan,2664
2021-03-14,Pakistan,2253
2021-03-15,Pakistan,2511
2021-03-16,Pakistan,2351
2021-03-17,Pakistan,3495
2021-03-18,Pakistan,3449
2021-03-19,Pakistan,3876
2021-03-20,Pakistan,3667
2021-03-21,Pakistan,3669
2021-03-22,Pakistan,3270
2021-03-23,Pakistan,3301
2021-03-24,Pakistan,3946
2021-03-25,Pakistan,4368
2021-03-26,Pakistan,4468
2021-03-27,Pakistan,4767
2021-03-28,Pakistan,4525
2021-03-29,Pakistan,4084
2021-03-30,Pakistan,4757
2021-03-31,Pakistan,4974
2021-04-01,Pakistan,5234
2021-04-02,Pakistan,4723
2021-04-03,Pakistan,5020
2021-04-04,Pakistan,4323
2021-04-05,Pakistan,3953
2021-04-06,Pakistan,4004
2021-04-07,Pakistan,5329
2021-04-08,Pakistan,5312
2021-04-09,Pakistan,5139
2021-04-10,Pakistan,5050
2021-04-11,Pakistan,4584
2021-04-12,Pakistan,4318
2021-04-13,Pakistan,4503
2021-04-14,Pakistan,5395
2021-04-15,Pakistan,5364
2021-04-16,Pakistan,4976
2021-04-17,Pakistan,6127
2021-04-18,Pakistan,5152
2021-04-19,Pakistan,5445
2021-04-20,Pakistan,5499
2021-04-21,Pakistan,5857
2021-04-22,Pakistan,5870
2021-04-23,Pakistan,5908
2021-04-24,Pakistan,5611
2021-04-25,Pakistan,4825
2021-04-26,Pakistan,4487
2021-04-27,Pakistan,5292
2021-04-28,Pakistan,5480
2021-04-29,Pakistan,5112
2021-04-30,Pakistan,4696
2021-05-01,Pakistan,4414
2021-05-02,Pakistan,4213
2021-05-03,Pakistan,3377
2021-05-04,Pakistan,0
2021-05-05,Pakistan,4113
2021-05-06,Pakistan,8495
2021-05-07,Pakistan,4109
2021-05-08,Pakistan,3786
2021-05-09,Pakistan,3447
2021-05-10,Pakistan,3084
2021-05-11,Pakistan,2881
2021-05-12,Pakistan,3265
2021-05-13,Pakistan,2517
2021-05-14,Pakistan,1531
2021-05-15,Pakistan,2379
2021-05-16,Pakistan,3232
2021-05-17,Pakistan,2566
2021-05-18,Pakistan,3256
2021-05-19,Pakistan,4207
2021-05-20,Pakistan,3070
2021-05-21,Pakistan,4007
2021-05-22,Pakistan,3084
2021-05-23,Pakistan,3047
2021-05-24,Pakistan,2253
2021-05-25,Pakistan,2724
2021-05-26,Pakistan,2726
2021-05-27,Pakistan,2482
2021-05-28,Pakistan,2455
2021-05-29,Pakistan,2697
2021-05-30,Pakistan,2117
2021-05-31,Pakistan,1771
2021-06-01,Pakistan,1843
2021-06-02,Pakistan,2028
2021-06-03,Pakistan,1893
2021-06-04,Pakistan,1923
2021-06-05,Pakistan,1629
2021-06-06,Pakistan,1490
2021-06-07,Pakistan,1383
2021-06-08,Pakistan,1118
2021-06-09,Pakistan,1303
2021-06-10,Pakistan,1303
2021-06-11,Pakistan,1194
2021-06-12,Pakistan,1239
2021-06-13,Pakistan,1019
2021-06-14,Pakistan,838
2021-06-15,Pakistan,1038
2021-06-16,Pakistan,1119
2021-06-17,Pakistan,1043
2021-06-18,Pakistan,991
2021-06-19,Pakistan,0
2021-06-20,Pakistan,1957
2021-06-21,Pakistan,663
2021-06-22,Pakistan,930
2021-06-23,Pakistan,1097
2021-06-24,Pakistan,1042
2021-06-25,Pakistan,935
2021-06-26,Pakistan,901
2021-06-27,Pakistan,914
2021-06-28,Pakistan,735
2021-06-29,Pakistan,979
2021-06-30,Pakistan,1037
2021-07-01,Pakistan,1277
2021-07-02,Pakistan,1400
2021-07-03,Pakistan,1228
2021-07-04,Pakistan,1347
2021-07-05,Pakistan,830
2021-07-06,Pakistan,1517
2021-07-07,Pakistan,1626
2021-07-08,Pakistan,1843
2021-07-09,Pakistan,1828
2021-07-10,Pakistan,1980
2021-07-11,Pakistan,1808
2021-07-12,Pakistan,1775
2021-07-13,Pakistan,1980
2021-07-14,Pakistan,2545
2021-07-15,Pakistan,2327
2021-07-16,Pakistan,2949
2021-07-17,Pakistan,2607
2021-07-18,Pakistan,2452
2021-07-19,Pakistan,2145
2021-07-20,Pakistan,2579
2021-07-21,Pakistan,2158
2021-07-22,Pakistan,1425
2021-07-23,Pakistan,0
2021-07-24,Pakistan,4660
2021-07-25,Pakistan,3752
2021-07-26,Pakistan,3262
2021-07-27,Pakistan,4119
2021-07-28,Pakistan,4497
2021-07-29,Pakistan,4537
2021-07-30,Pakistan,4950
2021-07-31,Pakistan,5026
2021-08-01,Pakistan,4858
2021-08-02,Pakistan,3582
2021-08-03,Pakistan,4722
2021-08-04,Pakistan,5661
2021-08-05,Pakistan,4745
2021-08-06,Pakistan,4720
2021-08-07,Pakistan,4455
2021-08-08,Pakistan,4040
2021-08-09,Pakistan,3884
2021-08-10,Pakistan,4856
2021-08-11,Pakistan,4934
2021-08-12,Pakistan,4619
2021-08-13,Pakistan,4786
2021-08-14,Pakistan,3711
2021-08-15,Pakistan,3669
2021-08-16,Pakistan,3221
2021-08-17,Pakistan,3974
2021-08-18,Pakistan,4373
2021-08-19,Pakistan,3239
2021-08-20,Pakistan,3084
2021-08-21,Pakistan,3842
2021-08-22,Pakistan,3772
2021-08-23,Pakistan,4075
2021-08-24,Pakistan,4199
2021-08-25,Pakistan,4553
2021-08-26,Pakistan,3930
2021-08-27,Pakistan,4231
2021-08-28,Pakistan,3909
2021-08-29,Pakistan,3800
2021-08-30,Pakistan,3838
2021-08-31,Pakistan,3569
2021-09-01,Pakistan,4069
2021-09-02,Pakistan,3821
2021-09-03,Pakistan,0
2021-09-04,Pakistan,7727
2021-09-05,Pakistan,3613
2021-09-06,Pakistan,3316
2021-09-07,Pakistan,3902
2021-09-08,Pakistan,4062
2021-09-09,Pakistan,3689
2021-09-10,Pakistan,3480
2021-09-11,Pakistan,3153
2021-09-12,Pakistan,2988
2021-09-13,Pakistan,2574
2021-09-14,Pakistan,2727
2021-09-15,Pakistan,3012
2021-09-16,Pakistan,2928
2021-09-17,Pakistan,2512
2021-09-18,Pakistan,2580
2021-09-19,Pakistan,2167
2021-09-20,Pakistan,1897
2021-09-21,Pakistan,2333
2021-09-22,Pakistan,2357
2021-09-23,Pakistan,2233
2021-09-24,Pakistan,2060
2021-09-25,Pakistan,1780
2021-09-26,Pakistan,1757
2021-09-27,Pakistan,1400
2021-09-28,Pakistan,1560
2021-09-29,Pakistan,1742
2021-09-30,Pakistan,1411
2021-10-01,Pakistan,1664
2021-10-02,Pakistan,1656
2021-10-03,Pakistan,1490
2021-10-04,Pakistan,1308
2021-10-05,Pakistan,1212
2021-10-06,Pakistan,1453
2021-10-07,Pakistan,912
2021-10-08,Pakistan,955
2021-10-09,Pakistan,827
2021-10-10,Pakistan,944
2021-10-11,Pakistan,689
2021-10-12,Pakistan,1021
2021-10-13,Pakistan,1016
2021-10-14,Pakistan,1086
2021-10-15,Pakistan,893
2021-10-16,Pakistan,720
2021-10-17,Pakistan,663
2021-10-18,Pakistan,603
2021-10-19,Pakistan,554
2021-10-20,Pakistan,622
2021-10-21,Pakistan,567
2021-10-22,Pakistan,552
2021-10-23,Pakistan,591
2021-10-24,Pakistan,698
2021-10-25,Pakistan,572
2021-10-26,Pakistan,516
2021-10-27,Pakistan,705
2021-10-28,Pakistan,660
2021-10-29,Pakistan,658
2021-10-30,Pakistan,733
2021-10-31,Pakistan,482
2021-11-01,Pakistan,457
2021-11-02,Pakistan,561
2021-11-03,Pakistan,580
2021-11-04,Pakistan,515
2021-11-05,Pakistan,567
2021-11-06,Pakistan,471
2021-11-07,Pakistan,449
2021-11-08,Pakistan,400
2021-11-09,Pakistan,554
2021-11-10,Pakistan,637
2021-11-11,Pakistan,391
2021-11-12,Pakistan,231
2021-11-13,Pakistan,0
2021-11-14,Pakistan,503
2021-11-15,Pakistan,216
2021-11-16,Pakistan,270
2021-11-17,Pakistan,460
2021-11-18,Pakistan,418
2021-11-19,Pakistan,319
2021-11-20,Pakistan,313
2021-11-21,Pakistan,323
2021-11-22,Pakistan,315
2021-11-23,Pakistan,350
2021-11-24,Pakistan,363
2021-11-25,Pakistan,252
2021-11-26,Pakistan,411
2021-11-27,Pakistan,303
2021-11-28,Pakistan,176
2021-11-29,Pakistan,475
2021-11-30,Pakistan,414
2021-12-01,Pakistan,377
2021-12-02,Pakistan,391
2021-12-03,Pakistan,431
2021-12-04,Pakistan,372
2021-12-05,Pakistan,336
2021-12-06,Pakistan,232
2021-12-07,Pakistan,310
2021-12-08,Pakistan,350
2021-12-09,Pakistan,313
2021-12-10,Pakistan,395
2021-12-11,Pakistan,288
2021-12-12,Pakistan,244
2021-12-13,Pakistan,250
2021-12-14,Pakistan,370
2021-12-15,Pakistan,301
2021-12-16,Pakistan,277
2021-12-17,Pakistan,0
2021-12-18,Pakistan,617
2021-12-19,Pakistan,359
2021-12-20,Pakistan,270
2021-12-21,Pakistan,310
2021-12-22,Pakistan,359
2021-12-23,Pakistan,322
2021-12-24,Pakistan,353
2021-12-25,Pakistan,359
2021-12-26,Pakistan,275
2021-12-27,Pakistan,316
2021-12-28,Pakistan,348
2021-12-29,Pakistan,482
2021-12-30,Pakistan,515
2021-12-31,Pakistan,557
2022-01-01,Pakistan,594
2022-01-02,Pakistan,708
2022-01-03,Pakistan,630
2022-01-04,Pakistan,898
2022-01-05,Pakistan,1085
2022-01-06,Pakistan,1293
2022-01-07,Pakistan,1345
2022-01-08,Pakistan,1572
2022-01-09,Pakistan,1649
2022-01-10,Pakistan,1467
2022-01-11,Pakistan,2074
2022-01-12,Pakistan,3019
2022-01-13,Pakistan,3567
2022-01-14,Pakistan,4286
2022-01-15,Pakistan,4027
2022-01-16,Pakistan,4340
2022-01-17,Pakistan,5034
2022-01-18,Pakistan,5472
2022-01-19,Pakistan,6808
2022-01-20,Pakistan,7678
2022-01-21,Pakistan,6540
2022-01-22,Pakistan,7586
2022-01-23,Pakistan,7195
2022-01-24,Pakistan,6352
2022-01-25,Pakistan,5196
2022-01-26,Pakistan,7539
2022-01-27,Pakistan,8183
2022-01-28,Pakistan,7963
2022-01-29,Pakistan,7958
2022-01-30,Pakistan,7048
2022-01-31,Pakistan,5327
2022-02-01,Pakistan,6047
2022-02-02,Pakistan,5850
2022-02-03,Pakistan,6400
2022-02-04,Pakistan,6137
2022-02-05,Pakistan,4973
2022-02-06,Pakistan,3338
2022-02-07,Pakistan,2799
2022-02-08,Pakistan,4251
2022-02-09,Pakistan,3914
2022-02-10,Pakistan,3498
2022-02-11,Pakistan,3019
2022-02-12,Pakistan,3206
2022-02-13,Pakistan,2563
2022-02-14,Pakistan,2597
2022-02-15,Pakistan,2465
2022-02-16,Pakistan,2870
2022-02-17,Pakistan,2400
2022-02-18,Pakistan,1983
2022-02-19,Pakistan,1644
2022-02-20,Pakistan,1360
2022-02-21,Pakistan,961
2022-02-22,Pakistan,1232
2022-02-23,Pakistan,1455
2022-02-24,Pakistan,1122
2022-02-25,Pakistan,1207
2022-02-26,Pakistan,847
2022-02-27,Pakistan,856
2022-02-28,Pakistan,861
2022-03-01,Pakistan,765
2022-03-02,Pakistan,768
2022-03-03,Pakistan,953
2022-03-04,Pakistan,796
2022-03-05,Pakistan,755
2022-03-06,Pakistan,756
2022-03-07,Pakistan,378
2022-03-08,Pakistan,758
2022-03-09,Pakistan,639
2022-03-10,Pakistan,723
2022-03-11,Pakistan,571
2022-03-12,Pakistan,609
2022-03-13,Pakistan,462
2022-03-14,Pakistan,473
2022-03-15,Pakistan,493
2022-03-16,Pakistan,514
2022-03-17,Pakistan,183
2022-03-18,Pakistan,696
2022-03-19,Pakistan,375
2022-03-20,Pakistan,303
2022-03-21,Pakistan,228
2022-03-22,Pakistan,443
2022-03-23,Pakistan,210
2022-03-24,Pakistan,329
2022-03-25,Pakistan,189
2022-03-26,Pakistan,310
2022-03-27,Pakistan,186
2022-03-28,Pakistan,269
2022-03-29,Pakistan,194
2022-03-30,Pakistan,244
2022-03-31,Pakistan,180
2022-04-01,Pakistan,208
2022-04-02,Pakistan,285
2022-04-03,Pakistan,154
2022-04-04,Pakistan,155
2022-04-05,Pakistan,148
2022-04-06,Pakistan,170
2022-04-07,Pakistan,141
2022-04-08,Pakistan,238
2022-04-09,Pakistan,96
2022-04-10,Pakistan,98
2022-04-11,Pakistan,62
2022-04-12,Pakistan,101
2022-04-13,Pakistan,123
2022-04-14,Pakistan,0
2022-04-15,Pakistan,199
2022-04-16,Pakistan,97
2022-04-17,Pakistan,78
2022-04-18,Pakistan,85
2022-04-19,Pakistan,75
2022-04-20,Pakistan,103
2022-04-21,Pakistan,80
2022-04-22,Pakistan,82
2022-04-23,Pakistan,0
2022-04-24,Pakistan,205
2022-04-25,Pakistan,0
2022-04-26,Pakistan,0
2022-04-27,Pakistan,0
2022-04-28,Pakistan,0
2022-04-29,Pakistan,0
2022-04-30,Pakistan,0
2022-05-01,Pakistan,0
2022-05-02,Pakistan,0
2022-05-03,Pakistan,0
2022-05-04,Pakistan,0
2022-05-05,Pakistan,0
2022-05-06,Pakistan,0
2022-05-07,Pakistan,0
2022-05-08,Pakistan,0
2022-05-09,Pakistan,877
2022-05-10,Pakistan,0
2022-05-11,Pakistan,0
2022-05-12,Pakistan,0
2022-05-13,Pakistan,334
2022-05-14,Pakistan,0
2022-05-15,Pakistan,84
2022-05-16,Pakistan,0
2022-05-17,Pakistan,220
2022-05-18,Pakistan,89
2022-05-19,Pakistan,81
2022-05-20,Pakistan,70
2022-05-21,Pakistan,16
2022-05-22,Pakistan,110
2022-05-23,Pakistan,0
2022-05-24,Pakistan,153
2022-05-25,Pakistan,76
2022-05-26,Pakistan,79
2022-05-27,Pakistan,90
2022-05-28,Pakistan,50
2022-05-29,Pakistan,48
2022-05-30,Pakistan,54
2022-05-31,Pakistan,66
2022-06-01,Pakistan,67
2022-06-02,Pakistan,36
2022-06-03,Pakistan,0
2022-06-04,Pakistan,0
2022-06-05,Pakistan,208
2022-06-06,Pakistan,50
2022-06-07,Pakistan,64
2022-06-08,Pakistan,89
2022-06-09,Pakistan,0
2022-06-10,Pakistan,145
2022-06-11,Pakistan,67
2022-06-12,Pakistan,94
2022-06-13,Pakistan,1
2022-06-14,Pakistan,163
2022-06-15,Pakistan,144
2022-06-16,Pakistan,98
2022-06-17,Pakistan,151
2022-06-18,Pakistan,152
2022-06-19,Pakistan,171
2022-06-20,Pakistan,113
2022-06-21,Pakistan,204
2022-06-22,Pakistan,268
2022-06-23,Pakistan,309
2022-06-24,Pakistan,435
2022-06-25,Pakistan,0
2022-06-26,Pakistan,788
2022-06-27,Pakistan,333
2022-06-28,Pakistan,541
2022-06-29,Pakistan,641
2022-06-30,Pakistan,694
2022-07-01,Pakistan,0
2022-07-02,Pakistan,1468
2022-07-03,Pakistan,675
2022-07-04,Pakistan,653
2022-07-05,Pakistan,0
2022-07-06,Pakistan,1677
2022-07-07,Pakistan,693
2022-07-08,Pakistan,732
2022-07-09,Pakistan,0
2022-07-10,Pakistan,873
2022-07-11,Pakistan,255
2022-07-12,Pakistan,236
2022-07-13,Pakistan,390
2022-07-14,Pakistan,779
2022-07-15,Pakistan,737
2022-07-16,Pakistan,605
2022-07-17,Pakistan,492
2022-07-18,Pakistan,459
2022-07-19,Pakistan,592
2022-07-20,Pakistan,599
2022-07-21,Pakistan,679
2022-07-22,Pakistan,693
2022-07-23,Pakistan,532
2022-07-24,Pakistan,582
2022-07-25,Pakistan,371
2022-07-26,Pakistan,620
2022-07-27,Pakistan,0
2022-07-28,Pakistan,1454
2022-07-29,Pakistan,0
2022-07-30,Pakistan,0
2022-07-31,Pakistan,1266
2022-08-01,Pakistan,1048
2022-08-02,Pakistan,806
2022-08-03,Pakistan,689
2022-08-04,Pakistan,750
2022-08-05,Pakistan,673
2022-08-06,Pakistan,644
2022-08-07,Pakistan,628
2022-08-08,Pakistan,421
2022-08-09,Pakistan,352
2022-08-10,Pakistan,353
2022-08-11,Pakistan,624
2022-08-12,Pakistan,728
2022-08-13,Pakistan,0
2022-08-14,Pakistan,1040
2022-08-15,Pakistan,358
2022-08-16,Pakistan,526
2022-08-17,Pakistan,578
2022-08-18,Pakistan,510
2022-08-19,Pakistan,0
2022-08-20,Pakistan,917
2022-08-21,Pakistan,416
2022-08-22,Pakistan,217
2022-08-23,Pakistan,278
2022-08-24,Pakistan,0
2022-08-25,Pakistan,746
2022-08-26,Pakistan,290
2022-08-27,Pakistan,270
2022-08-28,Pakistan,0
2022-08-29,Pakistan,396
2022-08-30,Pakistan,227
2022-08-31,Pakistan,0
2022-09-01,Pakistan,0
2022-09-02,Pakistan,0
2022-09-03,Pakistan,0
2022-09-04,Pakistan,0
2022-09-05,Pakistan,1228
2022-09-06,Pakistan,0
2022-09-07,Pakistan,332
2022-09-08,Pakistan,0
2022-09-09,Pakistan,160
2022-09-10,Pakistan,295
2022-09-11,Pakistan,105
2022-09-12,Pakistan,99
2022-09-13,Pakistan,0
2022-09-14,Pakistan,235
2022-09-15,Pakistan,0
2022-09-16,Pakistan,202
2022-09-17,Pakistan,0
2022-09-18,Pakistan,162
2022-09-19,Pakistan,0
2022-09-20,Pakistan,0
2022-09-21,Pakistan,0
2022-09-22,Pakistan,0
2022-09-23,Pakistan,375
2022-09-24,Pakistan,0
2022-09-25,Pakistan,47
2022-09-26,Pakistan,0
2022-09-27,Pakistan,94
2022-09-28,Pakistan,0
2022-09-29,Pakistan,0
2022-09-30,Pakistan,188
2022-10-01,Pakistan,0
2022-10-02,Pakistan,0
2022-10-03,Pakistan,0
2022-10-04,Pakistan,180
2022-10-05,Pakistan,0
2022-10-06,Pakistan,0
2022-10-07,Pakistan,0
2022-10-08,Pakistan,0
2022-10-09,Pakistan,0
2022-10-10,Pakistan,0
2022-10-11,Pakistan,0
2022-10-12,Pakistan,0
2022-10-13,Pakistan,0
2022-10-14,Pakistan,0
2022-10-15,Pakistan,0
2022-10-16,Pakistan,0
2022-10-17,Pakistan,0
2022-10-18,Pakistan,0
2022-10-19,Pakistan,0
2022-10-20,Pakistan,0
2022-10-21,Pakistan,0
2022-10-22,Pakistan,0
2022-10-23,Pakistan,0
2022-10-24,Pakistan,0
2022-10-25,Pakistan,0
2022-10-26,Pakistan,0
2022-10-27,Pakistan,1144
2022-10-28,Pakistan,0
2022-10-29,Pakistan,0
2022-10-30,Pakistan,0
2022-10-31,Pakistan,172
2022-11-01,Pakistan,0
2022-11-02,Pakistan,73
2022-11-03,Pakistan,108
2022-11-04,Pakistan,46
2022-11-05,Pakistan,0
2022-11-06,Pakistan,86
2022-11-07,Pakistan,0
2022-11-08,Pakistan,25
2022-11-09,Pakistan,76
2022-11-10,Pakistan,41
2022-11-11,Pakistan,0
2022-11-12,Pakistan,89
2022-11-13,Pakistan,41
2022-11-14,Pakistan,32
2022-11-15,Pakistan,32
2022-11-16,Pakistan,57
2022-11-17,Pakistan,25
2022-11-18,Pakistan,0
2022-11-19,Pakistan,0
2022-11-20,Pakistan,88
2022-11-21,Pakistan,25
2022-11-22,Pakistan,0
2022-11-23,Pakistan,27
2022-11-24,Pakistan,0
2022-11-25,Pakistan,0
2022-11-26,Pakistan,0
2022-11-27,Pakistan,159
2022-11-28,Pakistan,22
2022-11-29,Pakistan,39
2022-11-30,Pakistan,40
2022-12-01,Pakistan,0
2022-12-02,Pakistan,0
2022-12-03,Pakistan,0
2022-12-04,Pakistan,65
2022-12-05,Pakistan,64
2022-12-06,Pakistan,28
2022-12-07,Pakistan,24
2022-12-08,Pakistan,18
2022-12-09,Pakistan,0
2022-12-10,Pakistan,0
2022-12-11,Pakistan,55
2022-12-12,Pakistan,7
2022-12-13,Pakistan,0
2022-12-14,Pakistan,0
2022-12-15,Pakistan,0
2022-12-16,Pakistan,0
2022-12-17,Pakistan,0
2022-12-18,Pakistan,0
2022-12-19,Pakistan,0
2022-12-20,Pakistan,0
2022-12-21,Pakistan,0
2022-12-22,Pakistan,165
2022-12-23,Pakistan,0
2022-12-24,Pakistan,0
2022-12-25,Pakistan,0
2022-12-26,Pakistan,0
2022-12-27,Pakistan,0
2022-12-28,Pakistan,0
2022-12-29,Pakistan,121
2022-12-30,Pakistan,0
2022-12-31,Pakistan,0
2020-01-22,United Kingdom,0
2020-01-23,United Kingdom,0
2020-01-24,United Kingdom,0
2020-01-25,United Kingdom,0
2020-01-26,United Kingdom,0
2020-01-27,United Kingdom,0
2020-01-28,United Kingdom,0
2020-01-29,United Kingdom,0
2020-01-30,United Kingdom,0
2020-01-31,United Kingdom,2
2020-02-01,United Kingdom,0
2020-02-02,United Kingdom,0
2020-02-03,United Kingdom,6
2020-02-04,United Kingdom,0
2020-02-05,United Kingdom,1
2020-02-06,United Kingdom,0
2020-02-07,United Kingdom,0
2020-02-08,United Kingdom,4
2020-02-09,United Kingdom,1
2020-02-10,United Kingdom,0
2020-02-11,United Kingdom,1
2020-02-12,United Kingdom,1
2020-02-13,United Kingdom,1
2020-02-14,United Kingdom,1
2020-02-15,United Kingdom,0
2020-02-16,United Kingdom,0
2020-02-17,United Kingdom,1
2020-02-18,United Kingdom,0
2020-02-19,United Kingdom,1
2020-02-20,United Kingdom,2
2020-02-21,United Kingdom,1
2020-02-22,United Kingdom,0
2020-02-23,United Kingdom,5
2020-02-24,United Kingdom,2
2020-02-25,United Kingdom,4
2020-02-26,United Kingdom,3
2020-02-27,United Kingdom,7
2020-02-28,United Kingdom,12
2020-02-29,United Kingdom,5
2020-03-01,United Kingdom,33
2020-03-02,United Kingdom,40
2020-03-03,United Kingdom,55
2020-03-04,United Kingdom,56
2020-03-05,United Kingdom,49
2020-03-06,United Kingdom,79
2020-03-07,United Kingdom,55
2020-03-08,United Kingdom,54
2020-03-09,United Kingdom,147
2020-03-10,United Kingdom,258
2020-03-11,United Kingdom,411
2020-03-12,United Kingdom,489
2020-03-13,United Kingdom,479
2020-03-14,United Kingdom,364
2020-03-15,United Kingdom,442
2020-03-16,United Kingdom,612
2020-03-17,United Kingdom,768
2020-03-18,United Kingdom,999
2020-03-19,United Kingdom,1055
2020-03-20,United Kingdom,1254
2020-03-21,United Kingdom,1197
2020-03-22,United Kingdom,1376
2020-03-23,United Kingdom,2335
2020-03-24,United Kingdom,2371
2020-03-25,United Kingdom,2693
2020-03-26,United Kingdom,3084
2020-03-27,United Kingdom,3201
2020-03-28,United Kingdom,2822
2020-03-29,United Kingdom,2857
2020-03-30,United Kingdom,4273
2020-03-31,United Kingdom,4515
2020-04-01,United Kingdom,4914
2020-04-02,United Kingdom,4865
2020-04-03,United Kingdom,4915
2020-04-04,United Kingdom,4020
2020-04-05,United Kingdom,3594
2020-04-06,United Kingdom,5275
2020-04-07,United Kingdom,5450
2020-04-08,United Kingdom,5129
2020-04-09,United Kingdom,4852
2020-04-10,United Kingdom,4315
2020-04-11,United Kingdom,3577
2020-04-12,United Kingdom,3495
2020-04-13,United Kingdom,4183
2020-04-14,United Kingdom,4325
2020-04-15,United Kingdom,5065
2020-04-16,United Kingdom,5298
2020-04-17,United Kingdom,4965
2020-04-18,United Kingdom,4716
2020-04-19,United Kingdom,3852
2020-04-20,United Kingdom,4858
2020-04-21,United Kingdom,4760
2020-04-22,United Kingdom,5490
2020-04-23,United Kingdom,5143
2020-04-24,United Kingdom,4973
2020-04-25,United Kingdom,3748
2020-04-26,United Kingdom,3468
2020-04-27,United Kingdom,4702
2020-04-28,United Kingdom,4721
2020-04-29,United Kingdom,5435
2020-04-30,United Kingdom,4956
2020-05-01,United Kingdom,4727
2020-05-02,United Kingdom,3221
2020-05-03,United Kingdom,2974
2020-05-04,United Kingdom,3378
2020-05-05,United Kingdom,3684
2020-05-06,United Kingdom,3831
2020-05-07,United Kingdom,3767
2020-05-08,United Kingdom,3049
2020-05-09,United Kingdom,2150
2020-05-10,United Kingdom,2321
2020-05-11,United Kingdom,3583
2020-05-12,United Kingdom,3389
2020-05-13,United Kingdom,3298
2020-05-14,United Kingdom,2609
2020-05-15,United Kingdom,2517
2020-05-16,United Kingdom,2065
2020-05-17,United Kingdom,1826
2020-05-18,United Kingdom,2574
2020-05-19,United Kingdom,3041
2020-05-20,United Kingdom,2706
2020-05-21,United Kingdom,2542
2020-05-22,United Kingdom,2030
2020-05-23,United Kingdom,1507
2020-05-24,United Kingdom,1348
2020-05-25,United Kingdom,1607
2020-05-26,United Kingdom,1650
2020-05-27,United Kingdom,1802
2020-05-28,United Kingdom,1734
2020-05-29,United Kingdom,1504
2020-05-30,United Kingdom,1099
2020-05-31,United Kingdom,1069
2020-06-01,United Kingdom,1434
2020-06-02,United Kingdom,1467
2020-06-03,United Kingdom,1342
2020-06-04,United Kingdom,1234
2020-06-05,United Kingdom,1105
2020-06-06,United Kingdom,791
2020-06-07,United Kingdom,717
2020-06-08,United Kingdom,1086
2020-06-09,United Kingdom,1153
2020-06-10,United Kingdom,1182
2020-06-11,United Kingdom,1001
2020-06-12,United Kingdom,1053
2020-06-13,United Kingdom,887
2020-06-14,United Kingdom,807
2020-06-15,United Kingdom,1026
2020-06-16,United Kingdom,1077
2020-06-17,United Kingdom,997
2020-06-18,United Kingdom,1020
2020-06-19,United Kingdom,980
2020-06-20,United Kingdom,666
2020-06-21,United Kingdom,622
2020-06-22,United Kingdom,892
2020-06-23,United Kingdom,882
2020-06-24,United Kingdom,774
2020-06-25,United Kingdom,697
2020-06-26,United Kingdom,638
2020-06-27,United Kingdom,633
2020-06-28,United Kingdom,395
2020-06-29,United Kingdom,604
2020-06-30,United Kingdom,403
2020-07-01,United Kingdom,60
2020-07-02,United Kingdom,4
2020-07-03,United Kingdom,502
2020-07-04,United Kingdom,624
2020-07-05,United Kingdom,516
2020-07-06,United Kingdom,352
2020-07-07,United Kingdom,581
2020-07-08,United Kingdom,630
2020-07-09,United Kingdom,642
2020-07-10,United Kingdom,512
2020-07-11,United Kingdom,820
2020-07-12,United Kingdom,650
2020-07-13,United Kingdom,530
2020-07-14,United Kingdom,1240
2020-07-15,United Kingdom,538
2020-07-16,United Kingdom,641
2020-07-17,United Kingdom,687
2020-07-18,United Kingdom,827
2020-07-19,United Kingdom,726
2020-07-20,United Kingdom,580
2020-07-21,United Kingdom,445
2020-07-22,United Kingdom,560
2020-07-23,United Kingdom,769
2020-07-24,United Kingdom,768
2020-07-25,United Kingdom,767
2020-07-26,United Kingdom,745
2020-07-27,United Kingdom,685
2020-07-28,United Kingdom,547
2020-07-29,United Kingdom,797
2020-07-30,United Kingdom,846
2020-07-31,United Kingdom,880
2020-08-01,United Kingdom,761
2020-08-02,United Kingdom,743
2020-08-03,United Kingdom,938
2020-08-04,United Kingdom,670
2020-08-05,United Kingdom,891
2020-08-06,United Kingdom,950
2020-08-07,United Kingdom,871
2020-08-08,United Kingdom,758
2020-08-09,United Kingdom,1062
2020-08-10,United Kingdom,816
2020-08-11,United Kingdom,1148
2020-08-12,United Kingdom,1009
2020-08-13,United Kingdom,1129
2020-08-14,United Kingdom,1440
2020-08-15,United Kingdom,1012
2020-08-16,United Kingdom,1105
2020-08-17,United Kingdom,713
2020-08-18,United Kingdom,1089
2020-08-19,United Kingdom,812
2020-08-20,United Kingdom,1182
2020-08-21,United Kingdom,1033
2020-08-22,United Kingdom,1288
2020-08-23,United Kingdom,1041
2020-08-24,United Kingdom,972
2020-08-25,United Kingdom,1184
2020-08-26,United Kingdom,1048
2020-08-27,United Kingdom,1522
2020-08-28,United Kingdom,1276
2020-08-29,United Kingdom,1108
2020-08-30,United Kingdom,1715
2020-08-31,United Kingdom,1406
2020-09-01,United Kingdom,1295
2020-09-02,United Kingdom,1508
2020-09-03,United Kingdom,1735
2020-09-04,United Kingdom,1940
2020-09-05,United Kingdom,1813
2020-09-06,United Kingdom,2988
2020-09-07,United Kingdom,2948
2020-09-08,United Kingdom,2460
2020-09-09,United Kingdom,2659
2020-09-10,United Kingdom,2919
2020-09-11,United Kingdom,3539
2020-09-12,United Kingdom,3497
2020-09-13,United Kingdom,3330
2020-09-14,United Kingdom,2621
2020-09-15,United Kingdom,3103
2020-09-16,United Kingdom,3991
2020-09-17,United Kingdom,3395
2020-09-18,United Kingdom,4322
2020-09-19,United Kingdom,4422
2020-09-20,United Kingdom,3899
2020-09-21,United Kingdom,4368
2020-09-22,United Kingdom,4926
2020-09-23,United Kingdom,6178
2020-09-24,United Kingdom,6634
2020-09-25,United Kingdom,6873
2020-09-26,United Kingdom,6041
2020-09-27,United Kingdom,5692
2020-09-28,United Kingdom,4044
2020-09-29,United Kingdom,7143
2020-09-30,United Kingdom,7108
2020-10-01,United Kingdom,6914
2020-10-02,United Kingdom,6968
2020-10-03,United Kingdom,12871
2020-10-04,United Kingdom,22961
2020-10-05,United Kingdom,12593
2020-10-06,United Kingdom,14542
2020-10-07,United Kingdom,14162
2020-10-08,United Kingdom,17540
2020-10-09,United Kingdom,13864
2020-10-10,United Kingdom,15165
2020-10-11,United Kingdom,12872
2020-10-12,United Kingdom,13972
2020-10-13,United Kingdom,17232
2020-10-14,United Kingdom,19724
2020-10-15,United Kingdom,18978
2020-10-16,United Kingdom,15635
2020-10-17,United Kingdom,16171
2020-10-18,United Kingdom,16981
2020-10-19,United Kingdom,18803
2020-10-20,United Kingdom,21330
2020-10-21,United Kingdom,26687
2020-10-22,United Kingdom,21238
2020-10-23,United Kingdom,20531
2020-10-24,United Kingdom,23012
2020-10-25,United Kingdom,19790
2020-10-26,United Kingdom,20890
2020-10-27,United Kingdom,22885
2020-10-28,United Kingdom,24700
2020-10-29,United Kingdom,23065
2020-10-30,United Kingdom,24405
2020-10-31,United Kingdom,21915
2020-11-01,United Kingdom,23254
2020-11-02,United Kingdom,18950
2020-11-03,United Kingdom,20018
2020-11-04,United Kingdom,25177
2020-11-05,United Kingdom,24138
2020-11-06,United Kingdom,23287
2020-11-07,United Kingdom,24957
2020-11-08,United Kingdom,20572
2020-11-09,United Kingdom,21350
2020-11-10,United Kingdom,20412
2020-11-11,United Kingdom,22950
2020-11-12,United Kingdom,33470
2020-11-13,United Kingdom,27301
2020-11-14,United Kingdom,26860
2020-11-15,United Kingdom,24962
2020-11-16,United Kingdom,21363
2020-11-17,United Kingdom,20051
2020-11-18,United Kingdom,19609
2020-11-19,United Kingdom,22915
2020-11-20,United Kingdom,20252
2020-11-21,United Kingdom,19875
2020-11-22,United Kingdom,18662
2020-11-23,United Kingdom,15450
2020-11-24,United Kingdom,11299
2020-11-25,United Kingdom,18213
2020-11-26,United Kingdom,17555
2020-11-27,United Kingdom,14739
2020-11-28,United Kingdom,15871
2020-11-29,United Kingdom,12155
2020-11-30,United Kingdom,12330
2020-12-01,United Kingdom,13429
2020-12-02,United Kingdom,16170
2020-12-03,United Kingdom,14878
2020-12-04,United Kingdom,16298
2020-12-05,United Kingdom,15539
2020-12-06,United Kingdom,17271
2020-12-07,United Kingdom,14718
2020-12-08,United Kingdom,12281
2020-12-09,United Kingdom,16578
2020-12-10,United Kingdom,20964
2020-12-11,United Kingdom,21672
2020-12-12,United Kingdom,21501
2020-12-13,United Kingdom,18447
2020-12-14,United Kingdom,20263
2020-12-15,United Kingdom,18450
2020-12-16,United Kingdom,25161
2020-12-17,United Kingdom,35383
2020-12-18,United Kingdom,28507
2020-12-19,United Kingdom,27052
2020-12-20,United Kingdom,35928
2020-12-21,United Kingdom,33364
2020-12-22,United Kingdom,36803
2020-12-23,United Kingdom,39237
2020-12-24,United Kingdom,39036
2020-12-25,United Kingdom,32725
2020-12-26,United Kingdom,34693
2020-12-27,United Kingdom,32340
2020-12-28,United Kingdom,41385
2020-12-29,United Kingdom,53135
2020-12-30,United Kingdom,50023
2020-12-31,United Kingdom,55892
2021-01-01,United Kingdom,53285
2021-01-02,United Kingdom,57724
2021-01-03,United Kingdom,54990
2021-01-04,United Kingdom,58784
2021-01-05,United Kingdom,60916
2021-01-06,United Kingdom,62322
2021-01-07,United Kingdom,52618
2021-01-08,United Kingdom,68053
2021-01-09,United Kingdom,59937
2021-01-10,United Kingdom,54940
2021-01-11,United Kingdom,46169
2021-01-12,United Kingdom,45533
2021-01-13,United Kingdom,47525
2021-01-14,United Kingdom,48682
2021-01-15,United Kingdom,55761
2021-01-16,United Kingdom,41342
2021-01-17,United Kingdom,38598
2021-01-18,United Kingdom,37535
2021-01-19,United Kingdom,33355
2021-01-20,United Kingdom,38905
2021-01-21,United Kingdom,37892
2021-01-22,United Kingdom,40261
2021-01-23,United Kingdom,33552
2021-01-24,United Kingdom,30004
2021-01-25,United Kingdom,22195
2021-01-26,United Kingdom,20088
2021-01-27,United Kingdom,25308
2021-01-28,United Kingdom,28680
2021-01-29,United Kingdom,29079
2021-01-30,United Kingdom,23275
2021-01-31,United Kingdom,21088
2021-02-01,United Kingdom,18607
2021-02-02,United Kingdom,16840
2021-02-03,United Kingdom,19202
2021-02-04,United Kingdom,20634
2021-02-05,United Kingdom,19114
2021-02-06,United Kingdom,18262
2021-02-07,United Kingdom,15845
2021-02-08,United Kingdom,14104
2021-02-09,United Kingdom,12364
2021-02-10,United Kingdom,13013
2021-02-11,United Kingdom,13494
2021-02-12,United Kingdom,15144
2021-02-13,United Kingdom,13307
2021-02-14,United Kingdom,10972
2021-02-15,United Kingdom,9765
2021-02-16,United Kingdom,10625
2021-02-17,United Kingdom,12717
2021-02-18,United Kingdom,12057
2021-02-19,United Kingdom,12027
2021-02-20,United Kingdom,10406
2021-02-21,United Kingdom,9834
2021-02-22,United Kingdom,10641
2021-02-23,United Kingdom,8489
2021-02-24,United Kingdom,9938
2021-02-25,United Kingdom,9985
2021-02-26,United Kingdom,8523
2021-02-27,United Kingdom,7434
2021-02-28,United Kingdom,6035
2021-03-01,United Kingdom,5455
2021-03-02,United Kingdom,6391
2021-03-03,United Kingdom,6385
2021-03-04,United Kingdom,6573
2021-03-05,United Kingdom,5946
2021-03-06,United Kingdom,6039
2021-03-07,United Kingdom,5177
2021-03-08,United Kingdom,4712
2021-03-09,United Kingdom,5766
2021-03-10,United Kingdom,5926
2021-03-11,United Kingdom,6753
2021-03-12,United Kingdom,6609
2021-03-13,United Kingdom,5534
2021-03-14,United Kingdom,4618
2021-03-15,United Kingdom,5089
2021-03-16,United Kingdom,5294
2021-03-17,United Kingdom,5758
2021-03-18,United Kingdom,6303
2021-03-19,United Kingdom,4802
2021-03-20,United Kingdom,5587
2021-03-21,United Kingdom,5312
2021-03-22,United Kingdom,5342
2021-03-23,United Kingdom,5379
2021-03-24,United Kingdom,5604
2021-03-25,United Kingdom,6220
2021-03-26,United Kingdom,6187
2021-03-27,United Kingdom,3865
2021-03-28,United Kingdom,3862
2021-03-29,United Kingdom,4654
2021-03-30,United Kingdom,4040
2021-03-31,United Kingdom,4052
2021-04-01,United Kingdom,4478
2021-04-02,United Kingdom,3402
2021-04-03,United Kingdom,3423
2021-04-04,United Kingdom,2297
2021-04-05,United Kingdom,2762
2021-04-06,United Kingdom,2379
2021-04-07,United Kingdom,2762
2021-04-08,United Kingdom,3030
2021-04-09,United Kingdom,0
2021-04-10,United Kingdom,2584
2021-04-11,United Kingdom,1730
2021-04-12,United Kingdom,3568
2021-04-13,United Kingdom,2471
2021-04-14,United Kingdom,2491
2021-04-15,United Kingdom,2671
2021-04-16,United Kingdom,2756
2021-04-17,United Kingdom,2206
2021-04-18,United Kingdom,1882
2021-04-19,United Kingdom,2963
2021-04-20,United Kingdom,2524
2021-04-21,United Kingdom,2396
2021-04-22,United Kingdom,2728
2021-04-23,United Kingdom,2678
2021-04-24,United Kingdom,2061
2021-04-25,United Kingdom,1712
2021-04-26,United Kingdom,2064
2021-04-27,United Kingdom,2685
2021-04-28,United Kingdom,2166
2021-04-29,United Kingdom,2445
2021-04-30,United Kingdom,2381
2021-05-01,United Kingdom,1907
2021-05-02,United Kingdom,1671
2021-05-03,United Kingdom,1649
2021-05-04,United Kingdom,1946
2021-05-05,United Kingdom,2144
2021-05-06,United Kingdom,2613
2021-05-07,United Kingdom,2490
2021-05-08,United Kingdom,2047
2021-05-09,United Kingdom,1770
2021-05-10,United Kingdom,2357
2021-05-11,United Kingdom,2474
2021-05-12,United Kingdom,2284
2021-05-13,United Kingdom,2656
2021-05-14,United Kingdom,2193
2021-05-15,United Kingdom,2027
2021-05-16,United Kingdom,1926
2021-05-17,United Kingdom,1979
2021-05-18,United Kingdom,0
2021-05-19,United Kingdom,2135
2021-05-20,United Kingdom,2694
2021-05-21,United Kingdom,2702
2021-05-22,United Kingdom,2523
2021-05-23,United Kingdom,2092
2021-05-24,United Kingdom,2362
2021-05-25,United Kingdom,2410
2021-05-26,United Kingdom,2987
2021-05-27,United Kingdom,3380
2021-05-28,United Kingdom,4028
2021-05-29,United Kingdom,3240
2021-05-30,United Kingdom,3111
2021-05-31,United Kingdom,3283
2021-06-01,United Kingdom,3099
2021-06-02,United Kingdom,4261
2021-06-03,United Kingdom,5179
2021-06-04,United Kingdom,6140
2021-06-05,United Kingdom,5651
2021-06-06,United Kingdom,5223
2021-06-07,United Kingdom,5584
2021-06-08,United Kingdom,5966
2021-06-09,United Kingdom,7312
2021-06-10,United Kingdom,7232
2021-06-11,United Kingdom,7958
2021-06-12,United Kingdom,7550
2021-06-13,United Kingdom,7319
2021-06-14,United Kingdom,7606
2021-06-15,United Kingdom,7587
2021-06-16,United Kingdom,8808
2021-06-17,United Kingdom,10809
2021-06-18,United Kingdom,10270
2021-06-19,United Kingdom,10075
2021-06-20,United Kingdom,9072
2021-06-21,United Kingdom,10467
2021-06-22,United Kingdom,11481
2021-06-23,United Kingdom,15882
2021-06-24,United Kingdom,16702
2021-06-25,United Kingdom,15296
2021-06-26,United Kingdom,17943
2021-06-27,United Kingdom,14623
2021-06-28,United Kingdom,22644
2021-06-29,United Kingdom,20223
2021-06-30,United Kingdom,25606
2021-07-01,United Kingdom,27556
2021-07-02,United Kingdom,26706
2021-07-03,United Kingdom,24447
2021-07-04,United Kingdom,23818
2021-07-05,United Kingdom,27100
2021-07-06,United Kingdom,28334
2021-07-07,United Kingdom,32048
2021-07-08,United Kingdom,31977
2021-07-09,United Kingdom,35200
2021-07-10,United Kingdom,31800
2021-07-11,United Kingdom,31352
2021-07-12,United Kingdom,33998
2021-07-13,United Kingdom,36216
2021-07-14,United Kingdom,41748
2021-07-15,United Kingdom,47891
2021-07-16,United Kingdom,51273
2021-07-17,United Kingdom,53969
2021-07-18,United Kingdom,47599
2021-07-19,United Kingdom,39538
2021-07-20,United Kingdom,46125
2021-07-21,United Kingdom,43404
2021-07-22,United Kingdom,39315
2021-07-23,United Kingdom,35654
2021-07-24,United Kingdom,31285
2021-07-25,United Kingdom,28652
2021-07-26,United Kingdom,24386
2021-07-27,United Kingdom,23228
2021-07-28,United Kingdom,25402
2021-07-29,United Kingdom,30633
2021-07-30,United Kingdom,29213
2021-07-31,United Kingdom,25754
2021-08-01,United Kingdom,24139
2021-08-02,United Kingdom,21687
2021-08-03,United Kingdom,21466
2021-08-04,United Kingdom,28936
2021-08-05,United Kingdom,29825
2021-08-06,United Kingdom,31442
2021-08-07,United Kingdom,28229
2021-08-08,United Kingdom,27110
2021-08-09,United Kingdom,24881
2021-08-10,United Kingdom,23297
2021-08-11,United Kingdom,29260
2021-08-12,United Kingdom,32706
2021-08-13,United Kingdom,32362
2021-08-14,United Kingdom,29143
2021-08-15,United Kingdom,26426
2021-08-16,United Kingdom,28176
2021-08-17,United Kingdom,26628
2021-08-18,United Kingdom,33646
2021-08-19,United Kingdom,36273
2021-08-20,United Kingdom,36987
2021-08-21,United Kingdom,31783
2021-08-22,United Kingdom,31976
2021-08-23,United Kingdom,31675
2021-08-24,United Kingdom,30619
2021-08-25,United Kingdom,35547
2021-08-26,United Kingdom,37962
2021-08-27,United Kingdom,37690
2021-08-28,United Kingdom,32087
2021-08-29,United Kingdom,32937
2021-08-30,United Kingdom,26227
2021-08-31,United Kingdom,31931
2021-09-01,United Kingdom,35493
2021-09-02,United Kingdom,37830
2021-09-03,United Kingdom,42065
2021-09-04,United Kingdom,36642
2021-09-05,United Kingdom,36515
2021-09-06,United Kingdom,40801
2021-09-07,United Kingdom,37179
2021-09-08,United Kingdom,38486
2021-09-09,United Kingdom,37480
2021-09-10,United Kingdom,36734
2021-09-11,United Kingdom,28856
2021-09-12,United Kingdom,28614
2021-09-13,United Kingdom,30283
2021-09-14,United Kingdom,26251
2021-09-15,United Kingdom,29873
2021-09-16,United Kingdom,26326
2021-09-17,United Kingdom,32292
2021-09-18,United Kingdom,29438
2021-09-19,United Kingdom,29007
2021-09-20,United Kingdom,35702
2021-09-21,United Kingdom,31095
2021-09-22,United Kingdom,33560
2021-09-23,United Kingdom,35764
2021-09-24,United Kingdom,35620
2021-09-25,United Kingdom,29746
2021-09-26,United Kingdom,32997
2021-09-27,United Kingdom,37485
2021-09-28,United Kingdom,34520
2021-09-29,United Kingdom,35059
2021-09-30,United Kingdom,35742
2021-10-01,United Kingdom,34589
2021-10-02,United Kingdom,29389
2021-10-03,United Kingdom,29666
2021-10-04,United Kingdom,34256
2021-10-05,United Kingdom,33049
2021-10-06,United Kingdom,38675
2021-10-07,United Kingdom,39730
2021-10-08,United Kingdom,34910
2021-10-09,United Kingdom,39413
2021-10-10,United Kingdom,33593
2021-10-11,United Kingdom,39463
2021-10-12,United Kingdom,37668
2021-10-13,United Kingdom,41446
2021-10-14,United Kingdom,44556
2021-10-15,United Kingdom,44212
2021-10-16,United Kingdom,42818
2021-10-17,United Kingdom,44696
2021-10-18,United Kingdom,48703
2021-10-19,United Kingdom,43324
2021-10-20,United Kingdom,48545
2021-10-21,United Kingdom,51484
2021-10-22,United Kingdom,48728
2021-10-23,United Kingdom,44985
2021-10-24,United Kingdom,38740
2021-10-25,United Kingdom,36100
2021-10-26,United Kingdom,43453
2021-10-27,United Kingdom,43922
2021-10-28,United Kingdom,39006
2021-10-29,United Kingdom,43081
2021-10-30,United Kingdom,40726
2021-10-31,United Kingdom,37667
2021-11-01,United Kingdom,39682
2021-11-02,United Kingdom,33546
2021-11-03,United Kingdom,40803
2021-11-04,United Kingdom,36559
2021-11-05,United Kingdom,33697
2021-11-06,United Kingdom,30150
2021-11-07,United Kingdom,29843
2021-11-08,United Kingdom,31982
2021-11-09,United Kingdom,32785
2021-11-10,United Kingdom,39325
2021-11-11,United Kingdom,42401
2021-11-12,United Kingdom,38900
2021-11-13,United Kingdom,37669
2021-11-14,United Kingdom,36128
2021-11-15,United Kingdom,39270
2021-11-16,United Kingdom,36821
2021-11-17,United Kingdom,37868
2021-11-18,United Kingdom,46858
2021-11-19,United Kingdom,44237
2021-11-20,United Kingdom,39881
2021-11-21,United Kingdom,39458
2021-11-22,United Kingdom,44434
2021-11-23,United Kingdom,42482
2021-11-24,United Kingdom,42435
2021-11-25,United Kingdom,46654
2021-11-26,United Kingdom,49344
2021-11-27,United Kingdom,39567
2021-11-28,United Kingdom,36507
2021-11-29,United Kingdom,42144
2021-11-30,United Kingdom,39713
2021-12-01,United Kingdom,47235
2021-12-02,United Kingdom,53067
2021-12-03,United Kingdom,50573
2021-12-04,United Kingdom,41457
2021-12-05,United Kingdom,43285
2021-12-06,United Kingdom,50850
2021-12-07,United Kingdom,45102
2021-12-08,United Kingdom,50617
2021-12-09,United Kingdom,50023
2021-12-10,United Kingdom,58184
2021-12-11,United Kingdom,52279
2021-12-12,United Kingdom,48071
2021-12-13,United Kingdom,53953
2021-12-14,United Kingdom,59077
2021-12-15,United Kingdom,77741
2021-12-16,United Kingdom,87565
2021-12-17,United Kingdom,92503
2021-12-18,United Kingdom,89074
2021-12-19,United Kingdom,81959
2021-12-20,United Kingdom,91734
2021-12-21,United Kingdom,89022
2021-12-22,United Kingdom,105330
2021-12-23,United Kingdom,122448
2021-12-24,United Kingdom,121371
2021-12-25,United Kingdom,121861
2021-12-26,United Kingdom,118945
2021-12-27,United Kingdom,107699
2021-12-28,United Kingdom,138025
2021-12-29,United Kingdom,182104
2021-12-30,United Kingdom,188124
2021-12-31,United Kingdom,189836
2022-01-01,United Kingdom,162572
2022-01-02,United Kingdom,134943
2022-01-03,United Kingdom,187414
2022-01-04,United Kingdom,218705
2022-01-05,United Kingdom,193814
2022-01-06,United Kingdom,179731
2022-01-07,United Kingdom,178163
2022-01-08,United Kingdom,140566
2022-01-09,United Kingdom,141398
2022-01-10,United Kingdom,142122
2022-01-11,United Kingdom,115280
2022-01-12,United Kingdom,129544
2022-01-13,United Kingdom,105679
2022-01-14,United Kingdom,98578
2022-01-15,United Kingdom,80725
2022-01-16,United Kingdom,70160
2022-01-17,United Kingdom,88130
2022-01-18,United Kingdom,93890
2022-01-19,United Kingdom,107450
2022-01-20,United Kingdom,106533
2022-01-21,United Kingdom,95776
2022-01-22,United Kingdom,75429
2022-01-23,United Kingdom,74800
2022-01-24,United Kingdom,94397
2022-01-25,United Kingdom,94031
2022-01-26,United Kingdom,101603
2022-01-27,United Kingdom,96155
2022-01-28,United Kingdom,88506
2022-01-29,United Kingdom,72143
2022-01-30,United Kingdom,62399
2022-01-31,United Kingdom,0
2022-02-01,United Kingdom,112452
2022-02-02,United Kingdom,86854
2022-02-03,United Kingdom,92633
2022-02-04,United Kingdom,82053
2022-02-05,United Kingdom,60114
2022-02-06,United Kingdom,53326
2022-02-07,United Kingdom,63307
2022-02-08,United Kingdom,66171
2022-02-09,United Kingdom,67316
2022-02-10,United Kingdom,162080
2022-02-11,United Kingdom,58316
2022-02-12,United Kingdom,45500
2022-02-13,United Kingdom,40844
2022-02-14,United Kingdom,41170
2022-02-15,United Kingdom,45922
2022-02-16,United Kingdom,53755
2022-02-17,United Kingdom,51352
2022-02-18,United Kingdom,47147
2022-02-19,United Kingdom,39218
2022-02-20,United Kingdom,31010
2022-02-21,United Kingdom,38139
2022-02-22,United Kingdom,40876
2022-02-23,United Kingdom,39235
2022-02-24,United Kingdom,38481
2022-02-25,United Kingdom,31601
2022-02-26,United Kingdom,0
2022-02-27,United Kingdom,0
2022-02-28,United Kingdom,81936
2022-03-01,United Kingdom,98867
2022-03-02,United Kingdom,43753
2022-03-03,United Kingdom,45375
2022-03-04,United Kingdom,44485
2022-03-05,United Kingdom,0
2022-03-06,United Kingdom,0
2022-03-07,United Kingdom,126120
2022-03-08,United Kingdom,61713
2022-03-09,United Kingdom,66870
2022-03-10,United Kingdom,84092
2022-03-11,United Kingdom,72509
2022-03-12,United Kingdom,0
2022-03-13,United Kingdom,0
2022-03-14,United Kingdom,170467
2022-03-15,United Kingdom,119229
2022-03-16,United Kingdom,90974
2022-03-17,United Kingdom,90472
2022-03-18,United Kingdom,92135
2022-03-19,United Kingdom,0
2022-03-20,United Kingdom,0
2022-03-21,United Kingdom,225672
2022-03-22,United Kingdom,94297
2022-03-23,United Kingdom,102267
2022-03-24,United Kingdom,97819
2022-03-25,United Kingdom,77306
2022-03-26,United Kingdom,0
2022-03-27,United Kingdom,0
2022-03-28,United Kingdom,214392
2022-03-29,United Kingdom,80656
2022-03-30,United Kingdom,86838
2022-03-31,United Kingdom,74416
2022-04-01,United Kingdom,69449
2022-04-02,United Kingdom,0
2022-04-03,United Kingdom,0
2022-04-04,United Kingdom,142807
2022-04-05,United Kingdom,50624
2022-04-06,United Kingdom,51251
2022-04-07,United Kingdom,46990
2022-04-08,United Kingdom,41284
2022-04-09,United Kingdom,0
2022-04-10,United Kingdom,0
2022-04-11,United Kingdom,91174
2022-04-12,United Kingdom,38276
2022-04-13,United Kingdom,35836
2022-04-14,United Kingdom,32522
2022-04-15,United Kingdom,0
2022-04-16,United Kingdom,0
2022-04-17,United Kingdom,0
2022-04-18,United Kingdom,0
2022-04-19,United Kingdom,116306
2022-04-20,United Kingdom,26093
2022-04-21,United Kingdom,19472
2022-04-22,United Kingdom,23697
2022-04-23,United Kingdom,0
2022-04-24,United Kingdom,0
2022-04-25,United Kingdom,44992
2022-04-26,United Kingdom,16611
2022-04-27,United Kingdom,17111
2022-04-28,United Kingdom,14005
2022-04-29,United Kingdom,12415
2022-04-30,United Kingdom,0
2022-05-01,United Kingdom,0
2022-05-02,United Kingdom,0
2022-05-03,United Kingdom,35518
2022-05-04,United Kingdom,16665
2022-05-05,United Kingdom,12460
2022-05-06,United Kingdom,11051
2022-05-07,United Kingdom,0
2022-05-08,United Kingdom,0
2022-05-09,United Kingdom,26253
2022-05-10,United Kingdom,10413
2022-05-11,United Kingdom,8120
2022-05-12,United Kingdom,14800
2022-05-13,United Kingdom,6587
2022-05-14,United Kingdom,0
2022-05-15,United Kingdom,0
2022-05-16,United Kingdom,23592
2022-05-17,United Kingdom,8596
2022-05-18,United Kingdom,7783
2022-05-19,United Kingdom,12199
2022-05-20,United Kingdom,6336
2022-05-21,United Kingdom,0
2022-05-22,United Kingdom,0
2022-05-23,United Kingdom,25967
2022-05-24,United Kingdom,6442
2022-05-25,United Kingdom,5853
2022-05-26,United Kingdom,0
2022-05-27,United Kingdom,4656
2022-05-28,United Kingdom,0
2022-05-29,United Kingdom,0
2022-05-30,United Kingdom,17090
2022-05-31,United Kingdom,5801
2022-06-01,United Kingdom,5306
2022-06-02,United Kingdom,0
2022-06-03,United Kingdom,0
2022-06-04,United Kingdom,0
2022-06-05,United Kingdom,0
2022-06-06,United Kingdom,33053
2022-06-07,United Kingdom,10237
2022-06-08,United Kingdom,13884
2022-06-09,United Kingdom,10079
2022-06-10,United Kingdom,9206
2022-06-11,United Kingdom,0
2022-06-12,United Kingdom,0
2022-06-13,United Kingdom,28231
2022-06-14,United Kingdom,12028
2022-06-15,United Kingdom,25300
2022-06-16,United Kingdom,12538
2022-06-17,United Kingdom,12054
2022-06-18,United Kingdom,0
2022-06-19,United Kingdom,0
2022-06-20,United Kingdom,36425
2022-06-21,United Kingdom,16430
2022-06-22,United Kingdom,32727
2022-06-23,United Kingdom,18269
2022-06-24,United Kingdom,16473
2022-06-25,United Kingdom,0
2022-06-26,United Kingdom,0
2022-06-27,United Kingdom,47303
2022-06-28,United Kingdom,21412
2022-06-29,United Kingdom,35895
2022-06-30,United Kingdom,22908
2022-07-01,United Kingdom,20720
2022-07-02,United Kingdom,0
2022-07-03,United Kingdom,0
2022-07-04,United Kingdom,0
2022-07-05,United Kingdom,0
2022-07-06,United Kingdom,142930
2022-07-07,United Kingdom,0
2022-07-08,United Kingdom,0
2022-07-09,United Kingdom,0
2022-07-10,United Kingdom,0
2022-07-11,United Kingdom,0
2022-07-12,United Kingdom,0
2022-07-13,United Kingdom,190913
2022-07-14,United Kingdom,0
2022-07-15,United Kingdom,0
2022-07-16,United Kingdom,0
2022-07-17,United Kingdom,0
2022-07-18,United Kingdom,0
2022-07-19,United Kingdom,0
2022-07-20,United Kingdom,137661
2022-07-21,United Kingdom,0
2022-07-22,United Kingdom,0
2022-07-23,United Kingdom,0
2022-07-24,United Kingdom,0
2022-07-25,United Kingdom,0
2022-07-26,United Kingdom,0
2022-07-27,United Kingdom,91914
2022-07-28,United Kingdom,0
2022-07-29,United Kingdom,0
2022-07-30,United Kingdom,0
2022-07-31,United Kingdom,0
2022-08-01,United Kingdom,0
2022-08-02,United Kingdom,0
2022-08-03,United Kingdom,64420
2022-08-04,United Kingdom,0
2022-08-05,United Kingdom,0
2022-08-06,United Kingdom,0
2022-08-07,United Kingdom,0
2022-08-08,United Kingdom,0
2022-08-09,United Kingdom,0
2022-08-10,United Kingdom,51927
2022-08-11,United Kingdom,0
2022-08-12,United Kingdom,0
2022-08-13,United Kingdom,0
2022-08-14,United Kingdom,0
2022-08-15,United Kingdom,0
2022-08-16,United Kingdom,0
2022-08-17,United Kingdom,39961
2022-08-18,United Kingdom,0
2022-08-19,United Kingdom,0
2022-08-20,United Kingdom,0
2022-08-21,United Kingdom,0
2022-08-22,United Kingdom,0
2022-08-23,United Kingdom,0
2022-08-24,United Kingdom,0
2022-08-25,United Kingdom,32088
2022-08-26,United Kingdom,0
2022-08-27,United Kingdom,0
2022-08-28,United Kingdom,0
2022-08-29,United Kingdom,0
2022-08-30,United Kingdom,0
2022-08-31,United Kingdom,28917
2022-09-01,United Kingdom,0
2022-09-02,United Kingdom,0
2022-09-03,United Kingdom,0
2022-09-04,United Kingdom,0
2022-09-05,United Kingdom,0
2022-09-06,United Kingdom,0
2022-09-07,United Kingdom,0
2022-09-08,United Kingdom,32727
2022-09-09,United Kingdom,0
2022-09-10,United Kingdom,0
2022-09-11,United Kingdom,0
2022-09-12,United Kingdom,0
2022-09-13,United Kingdom,0
2022-09-14,United Kingdom,0
2022-09-15,United Kingdom,30786
2022-09-16,United Kingdom,0
2022-09-17,United Kingdom,0
2022-09-18,United Kingdom,0
2022-09-19,United Kingdom,0
2022-09-20,United Kingdom,0
2022-09-21,United Kingdom,0
2022-09-22,United Kingdom,36647
2022-09-23,United Kingdom,0
2022-09-24,United Kingdom,0
2022-09-25,United Kingdom,0
2022-09-26,United Kingdom,0
2022-09-27,United Kingdom,0
2022-09-28,United Kingdom,0
2022-09-29,United Kingdom,50900
2022-09-30,United Kingdom,0
2022-10-01,United Kingdom,0
2022-10-02,United Kingdom,0
2022-10-03,United Kingdom,0
2022-10-04,United Kingdom,0
2022-10-05,United Kingdom,0
2022-10-06,United Kingdom,62421
2022-10-07,United Kingdom,0
2022-10-08,United Kingdom,0
2022-10-09,United Kingdom,0
2022-10-10,United Kingdom,0
2022-10-11,United Kingdom,0
2022-10-12,United Kingdom,0
2022-10-13,United Kingdom,63520
2022-10-14,United Kingdom,0
2022-10-15,United Kingdom,0
2022-10-16,United Kingdom,0
2022-10-17,United Kingdom,0
2022-10-18,United Kingdom,0
2022-10-19,United Kingdom,0
2022-10-20,United Kingdom,56729
2022-10-21,United Kingdom,0
2022-10-22,United Kingdom,0
2022-10-23,United Kingdom,0
2022-10-24,United Kingdom,0
2022-10-25,United Kingdom,0
2022-10-26,United Kingdom,0
2022-10-27,United Kingdom,42963
2022-10-28,United Kingdom,0
2022-10-29,United Kingdom,0
2022-10-30,United Kingdom,0
2022-10-31,United Kingdom,0
2022-11-01,United Kingdom,0
2022-11-02,United Kingdom,0
2022-11-03,United Kingdom,31552
2022-11-04,United Kingdom,0
2022-11-05,United Kingdom,0
2022-11-06,United Kingdom,0
2022-11-07,United Kingdom,0
2022-11-08,United Kingdom,0
2022-11-09,United Kingdom,0
2022-11-10,United Kingdom,24155
2022-11-11,United Kingdom,0
2022-11-12,United Kingdom,0
2022-11-13,United Kingdom,0
2022-11-14,United Kingdom,0
2022-11-15,United Kingdom,0
2022-11-16,United Kingdom,0
2022-11-17,United Kingdom,23441
2022-11-18,United Kingdom,0
2022-11-19,United Kingdom,0
2022-11-20,United Kingdom,0
2022-11-21,United Kingdom,0
2022-11-22,United Kingdom,0
2022-11-23,United Kingdom,0
2022-11-24,United Kingdom,20535
2022-11-25,United Kingdom,0
2022-11-26,United Kingdom,0
2022-11-27,United Kingdom,0
2022-11-28,United Kingdom,0
2022-11-29,United Kingdom,0
2022-11-30,United Kingdom,0
2022-12-01,United Kingdom,26574
2022-12-02,United Kingdom,0
2022-12-03,United Kingdom,0
2022-12-04,United Kingdom,0
2022-12-05,United Kingdom,0
2022-12-06,United Kingdom,0
2022-12-07,United Kingdom,0
2022-12-08,United Kingdom,28830
2022-12-09,United Kingdom,0
2022-12-10,United Kingdom,0
2022-12-11,United Kingdom,0
2022-12-12,United Kingdom,0
2022-12-13,United Kingdom,0
2022-12-14,United Kingdom,0
2022-12-15,United Kingdom,35466
2022-12-16,United Kingdom,0
2022-12-17,United Kingdom,0
2022-12-18,United Kingdom,0
2022-12-19,United Kingdom,0
2022-12-20,United Kingdom,0
2022-12-21,United Kingdom,0
2022-12-22,United Kingdom,46042
2022-12-23,United Kingdom,0
2022-12-24,United Kingdom,0
2022-12-25,United Kingdom,0
2022-12-26,United Kingdom,0
2022-12-27,United Kingdom,0
2022-12-28,United Kingdom,0
2022-12-29,United Kingdom,0
2022-12-30,United Kingdom,0
2022-12-31,United Kingdom,0
