order_id,date,customer_id,product,category,region,city,quantity,unit_price,discount_pct,revenue
ORD10210,2023-01-01,C1098,Shirt,Clothing,East,Lahore,2,2847.0,10,5125.0
ORD10496,2023-01-01,C1033,Phone,Electronics,East,Faisalabad,7,20975.0,5,139484.0
ORD10173,2023-01-02,C1777,Jeans,Clothing,North,Islamabad,2,4056.0,15,6895.0
ORD10081,2023-01-02,C1042,Biology,Books,West,Quetta,5,515.0,5,2446.0
ORD10240,2023-01-02,C1880,Jacket,Clothing,North,Islamabad,4,3688.0,0,14752.0
ORD10519,2023-01-03,C1457,Python,Books,West,Peshawar,5,756.0,10,3402.0
ORD10534,2023-01-05,C1130,Analytics,Books,West,Peshawar,5,1111.0,0,5555.0
ORD10384,2023-01-06,C1258,Analytics,Books,South,Hyderabad,3,1074.0,0,3222.0
ORD10101,2023-01-06,C1084,Shirt,Clothing,South,Karachi,4,3207.0,0,12828.0
ORD10491,2023-01-08,C1468,History,Books,East,Lahore,3,1000.0,10,2700.0
ORD10370,2023-01-09,C1903,Headphones,Electronics,West,Quetta,3,27027.0,10,72973.0
ORD10246,2023-01-09,C1433,Python,Books,East,Faisalabad,1,813.0,0,813.0
ORD10158,2023-01-09,C1804,Phone,Electronics,South,Hyderabad,4,34584.0,0,138336.0
ORD10345,2023-01-09,C1848,Shoes,Clothing,North,Islamabad,1,3196.0,0,3196.0
ORD10144,2023-01-11,C1702,Python,Books,West,Peshawar,7,702.0,0,4914.0
ORD10169,2023-01-12,C1772,History,Books,South,Hyderabad,3,739.0,10,1995.0
ORD10411,2023-01-12,C1126,Biology,Books,West,Quetta,4,539.0,5,2048.0
ORD10012,2023-01-12,C1276,Tablet,Electronics,West,Peshawar,5,23734.0,0,118670.0
ORD10490,2023-01-12,C1851,Laptop,Electronics,West,Quetta,4,22866.0,15,77744.0
ORD10363,2023-01-13,C1446,Jacket,Clothing,South,Karachi,6,3048.0,10,16459.0
ORD10260,2023-01-13,C1282,Charger,Electronics,West,Quetta,1,18150.0,0,18150.0
ORD10585,2023-01-13,C1759,Charger,Electronics,South,Karachi,3,20485.0,10,55310.0
ORD10597,2023-01-14,C1090,Laptop,Electronics,North,Rawalpindi,5,27570.0,0,137850.0
ORD10431,2023-01-15,C1149,Mask,Healthcare,South,Hyderabad,3,1201.0,0,3603.0
ORD10294,2023-01-15,C1728,Mask,Healthcare,South,Hyderabad,7,1150.0,5,7648.0
ORD10261,2023-01-15,C1236,Honey,Food,North,Islamabad,4,540.0,20,1728.0
ORD10099,2023-01-16,C1433,Tablet,Electronics,South,Hyderabad,3,16601.0,10,44823.0
ORD10273,2023-01-17,C1736,Nuts,Food,South,Hyderabad,3,500.0,5,1425.0
ORD10351,2023-01-17,C1102,Python,Books,East,Faisalabad,6,999.0,10,5395.0
ORD10573,2023-01-17,C1070,BP Monitor,Healthcare,South,Hyderabad,1,1123.0,0,1123.0
ORD10161,2023-01-18,C1339,Jeans,Clothing,South,Hyderabad,1,2191.0,5,2081.0
ORD10374,2023-01-19,C1788,Jacket,Clothing,North,Islamabad,2,4069.0,0,8138.0
ORD10570,2023-01-21,C1016,Thermometer,Healthcare,East,Faisalabad,4,1832.0,0,7328.0
ORD10513,2023-01-21,C1465,History,Books,North,Rawalpindi,7,1108.0,10,6980.0
ORD10179,2023-01-21,C1794,Charger,Electronics,West,Quetta,3,16002.0,0,48006.0
ORD10441,2023-01-22,C1828,Analytics,Books,North,Islamabad,5,884.0,10,3978.0
ORD10477,2023-01-22,C1288,Honey,Food,East,Lahore,3,419.0,0,1257.0
ORD10289,2023-01-22,C1834,Phone,Electronics,North,Rawalpindi,1,33986.0,0,33986.0
ORD10211,2023-01-24,C1860,Phone,Electronics,East,Faisalabad,6,18360.0,0,110160.0
ORD10262,2023-01-24,C1364,Vitamins,Healthcare,South,Karachi,7,1134.0,5,7541.0
ORD10426,2023-01-25,C1075,Coffee,Food,North,Rawalpindi,1,516.0,10,464.0
ORD10481,2023-01-25,C1993,Coffee,Food,East,Faisalabad,6,453.0,10,2446.0
ORD10575,2023-01-25,C1188,Laptop,Electronics,East,Lahore,5,28813.0,0,144065.0
ORD10245,2023-01-26,C1284,Shirt,Clothing,South,Karachi,1,3707.0,10,3336.0
ORD10399,2023-01-26,C1662,Vitamins,Healthcare,West,Peshawar,1,1515.0,0,1515.0
ORD10297,2023-01-27,C1245,Analytics,Books,West,Peshawar,3,738.0,15,1882.0
ORD10362,2023-01-27,C1140,History,Books,West,Peshawar,3,784.0,10,2117.0
ORD10434,2023-01-27,C1844,Shirt,Clothing,South,Hyderabad,1,3221.0,10,2899.0
ORD10059,2023-01-27,C1288,Protein Bar,Food,East,Lahore,6,410.0,5,2337.0
ORD10095,2023-01-28,C1995,Phone,Electronics,East,Faisalabad,1,22298.0,20,17838.0
ORD10113,2023-01-28,C1793,Gloves,Healthcare,West,Quetta,4,2074.0,0,8296.0
ORD10328,2023-01-28,C1435,History,Books,East,Faisalabad,5,766.0,0,3830.0
ORD10517,2023-01-28,C1767,Shoes,Clothing,North,Islamabad,5,2358.0,0,11790.0
ORD10039,2023-01-30,C1397,Analytics,Books,East,Faisalabad,1,559.0,15,475.0
ORD10422,2023-01-30,C1331,Tea,Food,North,Islamabad,6,324.0,20,1555.0
ORD10487,2023-02-01,C1582,Analytics,Books,South,Hyderabad,6,1026.0,0,6156.0
ORD10301,2023-02-01,C1161,Gloves,Healthcare,North,Islamabad,6,1379.0,0,8274.0
ORD10229,2023-02-01,C1576,Protein Bar,Food,North,Islamabad,3,344.0,15,877.0
ORD10526,2023-02-02,C1868,History,Books,East,Faisalabad,6,1104.0,0,6624.0
ORD10505,2023-02-03,C1637,Vitamins,Healthcare,South,Hyderabad,1,1040.0,0,1040.0
ORD10071,2023-02-04,C1454,Analytics,Books,North,Islamabad,5,919.0,0,4595.0
ORD10359,2023-02-05,C1215,Phone,Electronics,North,Rawalpindi,4,33851.0,10,121864.0
ORD10007,2023-02-05,C1312,Jacket,Clothing,East,Faisalabad,4,3798.0,10,13673.0
ORD10298,2023-02-05,C1173,Nuts,Food,North,Rawalpindi,7,390.0,0,2730.0
ORD10275,2023-02-06,C1956,Analytics,Books,East,Lahore,7,654.0,0,4578.0
ORD10162,2023-02-06,C1343,Charger,Electronics,East,Lahore,2,30070.0,15,51119.0
ORD10303,2023-02-06,C1618,Tea,Food,North,Rawalpindi,1,518.0,0,518.0
ORD10413,2023-02-06,C1556,Biology,Books,West,Quetta,6,1036.0,0,6216.0
ORD10130,2023-02-07,C1779,Vitamins,Healthcare,North,Rawalpindi,3,1684.0,20,4042.0
ORD10317,2023-02-07,C1476,Protein Bar,Food,East,Lahore,5,478.0,5,2270.0
ORD10343,2023-02-08,C1759,Tablet,Electronics,North,Rawalpindi,6,23926.0,0,143556.0
ORD10205,2023-02-08,C1095,History,Books,East,Lahore,7,1120.0,5,7448.0
ORD10197,2023-02-08,C1480,Honey,Food,West,Peshawar,6,485.0,10,2619.0
ORD10452,2023-02-10,C1187,Nuts,Food,West,Quetta,5,435.0,20,1740.0
ORD10429,2023-02-10,C1665,Tablet,Electronics,West,Quetta,1,24553.0,15,20870.0
ORD10110,2023-02-11,C1649,History,Books,South,Hyderabad,1,949.0,0,949.0
ORD10465,2023-02-12,C1746,Jeans,Clothing,South,Hyderabad,1,3282.0,5,3118.0
ORD10364,2023-02-12,C1282,Honey,Food,South,Hyderabad,2,523.0,0,1046.0
ORD10331,2023-02-13,C1071,Honey,Food,South,Hyderabad,4,433.0,10,1559.0
ORD10529,2023-02-13,C1456,Thermometer,Healthcare,East,Faisalabad,2,1540.0,5,2926.0
ORD10170,2023-02-14,C1384,Phone,Electronics,East,Faisalabad,3,32922.0,0,98766.0
ORD10112,2023-02-15,C1963,Nuts,Food,East,Lahore,1,253.0,10,228.0
ORD10145,2023-02-15,C1890,Headphones,Electronics,East,Faisalabad,5,29772.0,0,148860.0
ORD10540,2023-02-16,C1400,Jacket,Clothing,North,Rawalpindi,2,4033.0,5,7663.0
ORD10278,2023-02-16,C1149,Jeans,Clothing,North,Islamabad,3,3121.0,10,8427.0
ORD10551,2023-02-17,C1706,Python,Books,North,Islamabad,2,627.0,20,1003.0
ORD10085,2023-02-17,C1119,Tea,Food,North,Islamabad,4,369.0,0,1476.0
ORD10432,2023-02-18,C1097,Honey,Food,North,Rawalpindi,5,462.0,10,2079.0
ORD10599,2023-02-18,C1026,Vitamins,Healthcare,West,Peshawar,6,1496.0,0,8976.0
ORD10589,2023-02-18,C1114,Shoes,Clothing,West,Quetta,4,4006.0,0,16024.0
ORD10247,2023-02-19,C1040,Biology,Books,North,Rawalpindi,5,721.0,5,3425.0
ORD10021,2023-02-21,C1584,Tea,Food,West,Peshawar,6,378.0,5,2155.0
ORD10069,2023-02-21,C1376,Analytics,Books,East,Faisalabad,7,979.0,0,6853.0
ORD10594,2023-02-21,C1173,Nuts,Food,South,Hyderabad,3,547.0,5,1559.0
ORD10029,2023-02-21,C1554,Python,Books,North,Rawalpindi,7,627.0,0,4389.0
ORD10107,2023-02-21,C1598,Phone,Electronics,North,Rawalpindi,7,23964.0,0,167748.0
ORD10146,2023-02-22,C1794,Tablet,Electronics,North,Islamabad,6,28862.0,0,173172.0
ORD10557,2023-02-22,C1731,Coffee,Food,South,Karachi,4,371.0,0,1484.0
ORD10175,2023-02-23,C1163,Phone,Electronics,North,Islamabad,7,24641.0,20,137990.0
ORD10372,2023-02-23,C1190,Jacket,Clothing,West,Quetta,4,2607.0,20,8342.0
ORD10584,2023-02-23,C1610,Nuts,Food,West,Quetta,5,479.0,0,2395.0
ORD10138,2023-02-24,C1020,Mask,Healthcare,West,Quetta,2,957.0,0,1914.0
ORD10373,2023-02-25,C1978,Laptop,Electronics,South,Karachi,6,21478.0,0,128868.0
ORD10016,2023-02-25,C1166,Analytics,Books,West,Quetta,7,926.0,0,6482.0
ORD10182,2023-02-25,C1153,Jacket,Clothing,West,Peshawar,4,3317.0,0,13268.0
ORD10239,2023-02-25,C1852,Charger,Electronics,East,Faisalabad,4,15531.0,10,55912.0
ORD10536,2023-02-26,C1468,Charger,Electronics,East,Faisalabad,7,30534.0,0,213738.0
ORD10423,2023-02-26,C1376,Shirt,Clothing,North,Islamabad,5,2995.0,5,14226.0
ORD10305,2023-02-28,C1749,Vitamins,Healthcare,West,Peshawar,4,1794.0,10,6458.0
ORD10168,2023-02-28,C1524,Vitamins,Healthcare,North,Islamabad,4,1922.0,5,7304.0
ORD10470,2023-03-02,C1854,Biology,Books,West,Peshawar,2,769.0,0,1538.0
ORD10531,2023-03-03,C1589,Protein Bar,Food,North,Rawalpindi,2,456.0,0,912.0
ORD10063,2023-03-03,C1171,Tea,Food,South,Hyderabad,5,270.0,5,1282.0
ORD10492,2023-03-04,C1073,Gloves,Healthcare,South,Karachi,3,1671.0,20,4010.0
ORD10341,2023-03-05,C1505,Fiction,Books,South,Karachi,3,830.0,5,2366.0
ORD10082,2023-03-05,C1376,Cap,Clothing,South,Hyderabad,3,2020.0,0,6060.0
ORD10541,2023-03-05,C1613,Tea,Food,East,Faisalabad,5,469.0,15,1993.0
ORD10549,2023-03-05,C1314,Jeans,Clothing,South,Karachi,6,2938.0,5,16747.0
ORD10583,2023-03-05,C1701,Phone,Electronics,North,Islamabad,1,16907.0,0,16907.0
ORD10290,2023-03-06,C1921,Headphones,Electronics,East,Lahore,6,31240.0,0,187440.0
ORD10433,2023-03-06,C1987,Jacket,Clothing,North,Rawalpindi,1,1913.0,10,1722.0
ORD10553,2023-03-06,C1460,Nuts,Food,West,Peshawar,4,480.0,20,1536.0
ORD10100,2023-03-08,C1632,Mask,Healthcare,West,Peshawar,3,1989.0,0,5967.0
ORD10552,2023-03-09,C1235,History,Books,West,Peshawar,3,887.0,0,2661.0
ORD10171,2023-03-09,C1245,Shirt,Clothing,West,Quetta,2,2793.0,0,5586.0
ORD10120,2023-03-10,C1449,Phone,Electronics,East,Faisalabad,7,16696.0,0,116872.0
ORD10308,2023-03-10,C1007,Shoes,Clothing,South,Hyderabad,6,3709.0,20,17803.0
ORD10445,2023-03-11,C1641,Gloves,Healthcare,East,Faisalabad,5,1689.0,10,7600.0
ORD10006,2023-03-11,C1330,Coffee,Food,North,Islamabad,6,282.0,0,1692.0
ORD10450,2023-03-12,C1381,Shirt,Clothing,West,Peshawar,3,2696.0,15,6875.0
ORD10523,2023-03-13,C1093,Shirt,Clothing,South,Karachi,4,1802.0,0,7208.0
ORD10255,2023-03-14,C1094,Coffee,Food,South,Hyderabad,2,332.0,20,531.0
ORD10555,2023-03-14,C1151,Analytics,Books,West,Quetta,5,797.0,5,3786.0
ORD10318,2023-03-15,C1058,Tablet,Electronics,North,Rawalpindi,3,32761.0,10,88455.0
ORD10378,2023-03-15,C1506,Laptop,Electronics,South,Karachi,4,28601.0,0,114404.0
ORD10279,2023-03-17,C1448,Tablet,Electronics,South,Karachi,6,29960.0,10,161784.0
ORD10302,2023-03-18,C1248,History,Books,South,Hyderabad,2,1067.0,15,1814.0
ORD10214,2023-03-18,C1759,Jeans,Clothing,South,Karachi,5,3604.0,0,18020.0
ORD10320,2023-03-19,C1380,Coffee,Food,West,Peshawar,3,269.0,0,807.0
ORD10236,2023-03-20,C1532,Thermometer,Healthcare,West,Peshawar,7,1575.0,10,9922.0
ORD10224,2023-03-20,C1104,Vitamins,Healthcare,South,Hyderabad,1,1019.0,0,1019.0
ORD10248,2023-03-20,C1492,Mask,Healthcare,West,Quetta,7,1068.0,0,7476.0
ORD10563,2023-03-22,C1195,Phone,Electronics,South,Hyderabad,2,18399.0,20,29438.0
ORD10507,2023-03-23,C1988,Protein Bar,Food,South,Hyderabad,6,264.0,10,1426.0
ORD10286,2023-03-24,C1770,Fiction,Books,West,Peshawar,5,988.0,10,4446.0
ORD10336,2023-03-26,C1156,Jacket,Clothing,South,Hyderabad,2,3974.0,5,7551.0
ORD10150,2023-03-26,C1619,Laptop,Electronics,North,Rawalpindi,2,32478.0,0,64956.0
ORD10057,2023-03-27,C1296,Jacket,Clothing,South,Hyderabad,3,2711.0,5,7726.0
ORD10306,2023-03-28,C1505,Python,Books,South,Karachi,7,802.0,5,5333.0
ORD10295,2023-03-28,C1188,Nuts,Food,North,Islamabad,3,479.0,0,1437.0
ORD10053,2023-03-29,C1979,Tablet,Electronics,West,Quetta,1,31871.0,15,27090.0
ORD10488,2023-03-29,C1485,Python,Books,West,Quetta,3,910.0,0,2730.0
ORD10463,2023-03-30,C1499,Protein Bar,Food,North,Rawalpindi,3,334.0,5,952.0
ORD10324,2023-03-31,C1952,Python,Books,South,Karachi,6,1019.0,0,6114.0
ORD10316,2023-03-31,C1340,Mask,Healthcare,South,Hyderabad,6,1177.0,0,7062.0
ORD10196,2023-03-31,C1316,Thermometer,Healthcare,West,Peshawar,6,1995.0,15,10174.0
ORD10352,2023-03-31,C1575,Protein Bar,Food,East,Faisalabad,5,254.0,0,1270.0
ORD10077,2023-03-31,C1057,Charger,Electronics,East,Faisalabad,6,19771.0,10,106763.0
ORD10089,2023-03-31,C1787,Mask,Healthcare,East,Faisalabad,5,1683.0,0,8415.0
ORD10554,2023-04-01,C1824,Shoes,Clothing,East,Faisalabad,6,3928.0,0,23568.0
ORD10462,2023-04-02,C1046,Tablet,Electronics,East,Lahore,6,25551.0,0,153306.0
ORD10311,2023-04-02,C1770,History,Books,South,Hyderabad,7,1045.0,0,7315.0
ORD10043,2023-04-02,C1796,Thermometer,Healthcare,West,Quetta,1,1031.0,10,928.0
ORD10522,2023-04-02,C1119,Protein Bar,Food,North,Islamabad,4,278.0,0,1112.0
ORD10176,2023-04-03,C1157,Jacket,Clothing,West,Peshawar,2,1872.0,0,3744.0
ORD10300,2023-04-03,C1513,Python,Books,East,Lahore,1,566.0,15,481.0
ORD10497,2023-04-04,C1706,Jacket,Clothing,South,Hyderabad,4,2236.0,5,8497.0
ORD10578,2023-04-04,C1026,Tablet,Electronics,East,Faisalabad,6,24830.0,0,148980.0
ORD10459,2023-04-04,C1631,Protein Bar,Food,North,Rawalpindi,7,529.0,10,3333.0
ORD10117,2023-04-06,C1677,Shirt,Clothing,East,Lahore,7,1811.0,5,12043.0
ORD10136,2023-04-06,C1914,Thermometer,Healthcare,South,Hyderabad,4,1287.0,0,5148.0
ORD10408,2023-04-06,C1244,Python,Books,North,Islamabad,5,881.0,0,4405.0
ORD10034,2023-04-06,C1031,Tea,Food,East,Faisalabad,3,540.0,0,1620.0
ORD10409,2023-04-07,C1966,Shoes,Clothing,East,Faisalabad,6,2709.0,5,15441.0
ORD10226,2023-04-07,C1801,Shirt,Clothing,East,Lahore,3,3265.0,0,9795.0
ORD10449,2023-04-07,C1368,Shoes,Clothing,South,Hyderabad,7,3536.0,5,23514.0
ORD10129,2023-04-08,C1787,Gloves,Healthcare,West,Quetta,5,1878.0,15,7982.0
ORD10026,2023-04-08,C1849,Tablet,Electronics,East,Lahore,6,21631.0,5,123297.0
ORD10091,2023-04-09,C1799,Biology,Books,West,Peshawar,7,802.0,5,5333.0
ORD10569,2023-04-11,C1721,Tea,Food,South,Karachi,7,271.0,0,1897.0
ORD10045,2023-04-11,C1453,Vitamins,Healthcare,South,Hyderabad,3,1682.0,15,4289.0
ORD10591,2023-04-11,C1804,Protein Bar,Food,East,Lahore,2,396.0,0,792.0
ORD10185,2023-04-12,C1991,Protein Bar,Food,North,Rawalpindi,4,526.0,10,1894.0
ORD10028,2023-04-13,C1938,Shirt,Clothing,East,Faisalabad,1,3383.0,10,3045.0
ORD10191,2023-04-13,C1674,Analytics,Books,North,Rawalpindi,2,569.0,0,1138.0
ORD10048,2023-04-14,C1540,Honey,Food,East,Lahore,2,289.0,0,578.0
ORD10109,2023-04-14,C1963,Fiction,Books,South,Hyderabad,6,1058.0,10,5713.0
ORD10464,2023-04-15,C1238,Headphones,Electronics,West,Quetta,3,28855.0,0,86565.0
ORD10485,2023-04-15,C1398,Headphones,Electronics,East,Lahore,4,27286.0,0,109144.0
ORD10219,2023-04-16,C1418,Tablet,Electronics,North,Rawalpindi,5,24724.0,0,123620.0
ORD10141,2023-04-17,C1254,Protein Bar,Food,East,Lahore,2,487.0,15,828.0
ORD10276,2023-04-17,C1727,Tea,Food,South,Karachi,3,409.0,15,1043.0
ORD10131,2023-04-18,C1041,Gloves,Healthcare,South,Karachi,1,2052.0,0,2052.0
ORD10326,2023-04-18,C1339,Thermometer,Healthcare,East,Faisalabad,1,1583.0,0,1583.0
ORD10315,2023-04-19,C1215,Biology,Books,South,Hyderabad,7,957.0,15,5694.0
ORD10023,2023-04-20,C1925,Shoes,Clothing,North,Rawalpindi,1,3210.0,0,3210.0
ORD10503,2023-04-20,C1799,Vitamins,Healthcare,East,Lahore,6,2089.0,0,12534.0
ORD10186,2023-04-21,C1734,Mask,Healthcare,West,Quetta,2,2037.0,0,4074.0
ORD10027,2023-04-21,C1554,BP Monitor,Healthcare,North,Islamabad,6,1975.0,0,11850.0
ORD10235,2023-04-22,C1166,BP Monitor,Healthcare,South,Hyderabad,3,1354.0,0,4062.0
ORD10086,2023-04-22,C1400,Tea,Food,West,Peshawar,1,377.0,5,358.0
ORD10020,2023-04-22,C1463,Tablet,Electronics,East,Lahore,6,26584.0,0,159504.0
ORD10189,2023-04-22,C1019,Charger,Electronics,North,Islamabad,5,28110.0,5,133522.0
ORD10495,2023-04-23,C1136,Shoes,Clothing,South,Karachi,2,3578.0,10,6440.0
ORD10209,2023-04-23,C1533,Coffee,Food,North,Rawalpindi,7,271.0,0,1897.0
ORD10574,2023-04-24,C1943,Tea,Food,West,Quetta,4,554.0,20,1773.0
ORD10388,2023-04-25,C1733,Tablet,Electronics,West,Quetta,7,30479.0,10,192018.0
ORD10344,2023-04-26,C1891,Protein Bar,Food,North,Islamabad,7,297.0,5,1975.0
ORD10461,2023-04-26,C1507,Vitamins,Healthcare,West,Peshawar,3,915.0,5,2608.0
ORD10520,2023-04-26,C1834,Protein Bar,Food,East,Faisalabad,2,273.0,0,546.0
ORD10397,2023-04-26,C1263,Charger,Electronics,East,Faisalabad,2,31365.0,5,59594.0
ORD10502,2023-04-26,C1505,Fiction,Books,East,Lahore,5,526.0,15,2236.0
ORD10206,2023-04-27,C1209,History,Books,North,Rawalpindi,3,775.0,0,2325.0
ORD10442,2023-04-28,C1059,Nuts,Food,West,Quetta,4,463.0,20,1482.0
ORD10537,2023-04-29,C1247,Nuts,Food,East,Lahore,3,290.0,0,870.0
ORD10327,2023-04-30,C1693,BP Monitor,Healthcare,East,Lahore,5,1648.0,0,8240.0
ORD10493,2023-05-02,C1503,Jeans,Clothing,North,Rawalpindi,1,3865.0,0,3865.0
ORD10347,2023-05-04,C1549,Nuts,Food,West,Peshawar,1,297.0,15,252.0
ORD10188,2023-05-05,C1258,Jacket,Clothing,North,Rawalpindi,3,2780.0,0,8340.0
ORD10184,2023-05-06,C1986,Tablet,Electronics,East,Faisalabad,4,18545.0,5,70471.0
ORD10288,2023-05-06,C1215,Nuts,Food,East,Faisalabad,4,418.0,0,1672.0
ORD10225,2023-05-06,C1360,Mask,Healthcare,North,Islamabad,1,1932.0,0,1932.0
ORD10017,2023-05-06,C1118,Jeans,Clothing,South,Hyderabad,5,2668.0,0,13340.0
ORD10264,2023-05-07,C1407,Fiction,Books,East,Faisalabad,1,538.0,0,538.0
ORD10272,2023-05-07,C1929,Charger,Electronics,West,Quetta,3,28251.0,5,80515.0
ORD10127,2023-05-07,C1874,Analytics,Books,South,Hyderabad,2,686.0,0,1372.0
ORD10337,2023-05-08,C1250,Biology,Books,West,Peshawar,7,623.0,0,4361.0
ORD10474,2023-05-09,C1528,Coffee,Food,West,Quetta,1,524.0,10,472.0
ORD10469,2023-05-09,C1003,Coffee,Food,North,Islamabad,6,265.0,0,1590.0
ORD10385,2023-05-09,C1279,Charger,Electronics,North,Rawalpindi,2,20478.0,0,40956.0
ORD10387,2023-05-09,C1928,Headphones,Electronics,North,Islamabad,2,30133.0,20,48213.0
ORD10123,2023-05-09,C1201,Coffee,Food,South,Karachi,1,357.0,0,357.0
ORD10280,2023-05-12,C1343,Gloves,Healthcare,South,Karachi,3,1112.0,0,3336.0
ORD10221,2023-05-13,C1001,Vitamins,Healthcare,South,Karachi,4,1712.0,0,6848.0
ORD10281,2023-05-14,C1130,Shoes,Clothing,North,Rawalpindi,6,2553.0,0,15318.0
ORD10532,2023-05-14,C1577,Shoes,Clothing,South,Hyderabad,4,3473.0,5,13197.0
ORD10587,2023-05-14,C1099,Python,Books,South,Karachi,4,552.0,5,2098.0
ORD10282,2023-05-15,C1059,Tablet,Electronics,East,Lahore,7,19720.0,10,124236.0
ORD10479,2023-05-18,C1198,Vitamins,Healthcare,South,Karachi,4,1151.0,10,4144.0
ORD10475,2023-05-18,C1860,BP Monitor,Healthcare,West,Peshawar,2,1493.0,0,2986.0
ORD10565,2023-05-18,C1711,Biology,Books,North,Islamabad,7,673.0,0,4711.0
ORD10420,2023-05-21,C1147,Fiction,Books,West,Peshawar,3,596.0,0,1788.0
ORD10386,2023-05-21,C1326,Shirt,Clothing,West,Peshawar,3,2614.0,0,7842.0
ORD10008,2023-05-22,C1636,Fiction,Books,South,Hyderabad,6,665.0,5,3790.0
ORD10125,2023-05-22,C1235,Honey,Food,West,Quetta,4,331.0,15,1125.0
ORD10243,2023-05-23,C1810,Charger,Electronics,East,Faisalabad,7,22489.0,0,157423.0
ORD10561,2023-05-23,C1874,Cap,Clothing,North,Islamabad,4,3112.0,15,10581.0
ORD10335,2023-05-25,C1641,Laptop,Electronics,West,Quetta,2,27533.0,0,55066.0
ORD10314,2023-05-25,C1359,Honey,Food,West,Peshawar,6,542.0,0,3252.0
ORD10254,2023-05-25,C1172,Charger,Electronics,West,Quetta,5,23900.0,0,119500.0
ORD10435,2023-05-25,C1189,Jacket,Clothing,North,Islamabad,5,4179.0,0,20895.0
ORD10466,2023-05-25,C1458,Jacket,Clothing,East,Faisalabad,3,1899.0,0,5697.0
ORD10447,2023-05-26,C1592,Cap,Clothing,East,Faisalabad,7,3430.0,0,24010.0
ORD10194,2023-05-27,C1362,Thermometer,Healthcare,East,Lahore,4,1950.0,5,7410.0
ORD10167,2023-05-27,C1542,Jeans,Clothing,East,Lahore,1,3830.0,5,3638.0
ORD10571,2023-05-29,C1639,Jacket,Clothing,North,Islamabad,7,1953.0,10,12304.0
ORD10033,2023-05-30,C1373,Tea,Food,East,Lahore,3,487.0,5,1388.0
ORD10135,2023-05-30,C1431,Tea,Food,North,Islamabad,4,397.0,0,1588.0
ORD10005,2023-05-30,C1325,Tablet,Electronics,North,Rawalpindi,5,29895.0,20,119580.0
ORD10310,2023-05-31,C1516,Charger,Electronics,North,Islamabad,5,32511.0,0,162555.0
ORD10392,2023-06-01,C1462,Shirt,Clothing,West,Peshawar,7,1902.0,0,13314.0
ORD10595,2023-06-01,C1533,History,Books,East,Faisalabad,5,1005.0,0,5025.0
ORD10022,2023-06-01,C1188,Headphones,Electronics,East,Lahore,6,15832.0,0,94992.0
ORD10249,2023-06-01,C1974,Shirt,Clothing,North,Rawalpindi,7,2772.0,10,17464.0
ORD10134,2023-06-02,C1414,Coffee,Food,South,Karachi,2,241.0,0,482.0
ORD10430,2023-06-02,C1264,Nuts,Food,West,Peshawar,6,357.0,5,2035.0
ORD10066,2023-06-02,C1730,Analytics,Books,South,Hyderabad,6,976.0,5,5563.0
ORD10323,2023-06-03,C1796,Biology,Books,South,Hyderabad,3,779.0,0,2337.0
ORD10152,2023-06-03,C1035,Shoes,Clothing,East,Faisalabad,2,3035.0,0,6070.0
ORD10265,2023-06-04,C1182,Thermometer,Healthcare,West,Quetta,3,1825.0,5,5201.0
ORD10204,2023-06-04,C1295,Fiction,Books,East,Lahore,2,833.0,5,1583.0
ORD10424,2023-06-06,C1832,Cap,Clothing,South,Karachi,6,3455.0,15,17620.0
ORD10292,2023-06-06,C1775,Cap,Clothing,East,Lahore,1,2838.0,0,2838.0
ORD10527,2023-06-06,C1997,Biology,Books,South,Karachi,3,1076.0,0,3228.0
ORD10518,2023-06-07,C1536,Python,Books,East,Lahore,2,1002.0,0,2004.0
ORD10241,2023-06-08,C1774,Honey,Food,South,Hyderabad,4,327.0,0,1308.0
ORD10512,2023-06-08,C1674,BP Monitor,Healthcare,West,Quetta,2,2008.0,0,4016.0
ORD10353,2023-06-09,C1201,Vitamins,Healthcare,South,Karachi,2,1889.0,15,3211.0
ORD10501,2023-06-09,C1652,Fiction,Books,West,Quetta,5,911.0,5,4327.0
ORD10268,2023-06-09,C1512,Mask,Healthcare,North,Rawalpindi,7,2094.0,0,14658.0
ORD10025,2023-06-11,C1937,Mask,Healthcare,West,Peshawar,1,1484.0,0,1484.0
ORD10083,2023-06-12,C1145,Protein Bar,Food,South,Hyderabad,6,444.0,5,2531.0
ORD10346,2023-06-12,C1451,Laptop,Electronics,East,Faisalabad,2,23857.0,0,47714.0
ORD10405,2023-06-12,C1094,Tablet,Electronics,North,Islamabad,5,21780.0,5,103455.0
ORD10133,2023-06-13,C1207,Charger,Electronics,North,Rawalpindi,3,16211.0,5,46201.0
ORD10019,2023-06-13,C1902,Python,Books,East,Faisalabad,4,654.0,0,2616.0
ORD10216,2023-06-13,C1952,Tea,Food,West,Quetta,2,366.0,15,622.0
ORD10119,2023-06-13,C1396,Protein Bar,Food,South,Hyderabad,6,336.0,5,1915.0
ORD10547,2023-06-13,C1698,Headphones,Electronics,West,Peshawar,3,32786.0,10,88522.0
ORD10361,2023-06-14,C1088,Tea,Food,South,Karachi,5,556.0,0,2780.0
ORD10313,2023-06-15,C1348,Cap,Clothing,East,Lahore,4,2989.0,0,11956.0
ORD10203,2023-06-15,C1111,Tablet,Electronics,West,Peshawar,2,32697.0,5,62124.0
ORD10367,2023-06-15,C1248,Python,Books,South,Karachi,5,550.0,0,2750.0
ORD10163,2023-06-15,C1259,Jacket,Clothing,North,Rawalpindi,2,3053.0,0,6106.0
ORD10365,2023-06-15,C1139,Phone,Electronics,North,Islamabad,5,15947.0,0,79735.0
ORD10132,2023-06-16,C1047,Phone,Electronics,East,Lahore,7,25322.0,0,177254.0
ORD10271,2023-06-16,C1637,Charger,Electronics,West,Quetta,5,30635.0,0,153175.0
ORD10379,2023-06-17,C1466,Python,Books,South,Hyderabad,3,703.0,10,1898.0
ORD10227,2023-06-17,C1619,Tea,Food,West,Quetta,1,274.0,0,274.0
ORD10072,2023-06-17,C1515,Fiction,Books,South,Karachi,7,763.0,0,5341.0
ORD10473,2023-06-18,C1614,Biology,Books,South,Hyderabad,6,500.0,0,3000.0
ORD10456,2023-06-18,C1254,Tablet,Electronics,West,Quetta,7,23395.0,0,163765.0
ORD10545,2023-06-20,C1244,Cap,Clothing,West,Quetta,1,3790.0,5,3600.0
ORD10064,2023-06-20,C1920,Tablet,Electronics,North,Rawalpindi,4,25453.0,10,91631.0
ORD10427,2023-06-21,C1548,Phone,Electronics,North,Rawalpindi,1,32073.0,0,32073.0
ORD10270,2023-06-21,C1717,Analytics,Books,East,Faisalabad,1,1054.0,0,1054.0
ORD10283,2023-06-22,C1613,Coffee,Food,South,Hyderabad,5,517.0,20,2068.0
ORD10330,2023-06-22,C1721,Mask,Healthcare,North,Rawalpindi,7,1499.0,5,9968.0
ORD10009,2023-06-22,C1705,Charger,Electronics,North,Rawalpindi,1,30738.0,5,29201.0
ORD10223,2023-06-23,C1585,Gloves,Healthcare,South,Hyderabad,7,971.0,0,6797.0
ORD10511,2023-06-23,C1558,Phone,Electronics,West,Peshawar,5,15799.0,0,78995.0
ORD10088,2023-06-23,C1350,Tea,Food,South,Karachi,4,312.0,5,1186.0
ORD10467,2023-06-23,C1826,Analytics,Books,West,Peshawar,1,837.0,10,753.0
ORD10296,2023-06-24,C1738,Laptop,Electronics,East,Lahore,4,32236.0,5,122497.0
ORD10056,2023-06-24,C1338,Jeans,Clothing,North,Islamabad,4,2801.0,0,11204.0
ORD10444,2023-06-25,C1482,Phone,Electronics,East,Faisalabad,3,26431.0,0,79293.0
ORD10058,2023-06-25,C1960,Fiction,Books,East,Faisalabad,6,690.0,5,3933.0
ORD10137,2023-06-26,C1048,Gloves,Healthcare,East,Lahore,2,1297.0,15,2205.0
ORD10395,2023-06-26,C1823,Vitamins,Healthcare,North,Rawalpindi,3,1579.0,0,4737.0
ORD10402,2023-06-26,C1898,Biology,Books,South,Hyderabad,2,1070.0,0,2140.0
ORD10258,2023-06-26,C1279,Cap,Clothing,South,Hyderabad,6,2895.0,0,17370.0
ORD10428,2023-06-28,C1401,Biology,Books,South,Hyderabad,7,800.0,20,4480.0
ORD10484,2023-06-29,C1607,Coffee,Food,East,Lahore,2,498.0,15,847.0
ORD10515,2023-06-30,C1270,BP Monitor,Healthcare,West,Quetta,5,1672.0,5,7942.0
ORD10092,2023-06-30,C1868,Jeans,Clothing,East,Faisalabad,3,2078.0,0,6234.0
ORD10454,2023-07-01,C1772,Python,Books,East,Faisalabad,5,502.0,5,2384.0
ORD10443,2023-07-01,C1160,Vitamins,Healthcare,East,Lahore,4,1807.0,20,5782.0
ORD10478,2023-07-01,C1698,Python,Books,West,Peshawar,5,1048.0,5,4978.0
ORD10489,2023-07-01,C1874,Vitamins,Healthcare,West,Peshawar,3,1951.0,20,4682.0
ORD10593,2023-07-02,C1188,Python,Books,North,Islamabad,4,697.0,0,2788.0
ORD10001,2023-07-02,C1370,Nuts,Food,West,Quetta,6,281.0,0,1686.0
ORD10486,2023-07-02,C1694,Mask,Healthcare,South,Hyderabad,2,1467.0,10,2641.0
ORD10157,2023-07-03,C1099,Mask,Healthcare,North,Rawalpindi,7,1939.0,10,12216.0
ORD10394,2023-07-03,C1374,Protein Bar,Food,West,Peshawar,6,374.0,0,2244.0
ORD10050,2023-07-04,C1536,Coffee,Food,West,Peshawar,7,520.0,15,3094.0
ORD10049,2023-07-08,C1680,Headphones,Electronics,North,Islamabad,2,16068.0,5,30529.0
ORD10105,2023-07-08,C1104,Vitamins,Healthcare,West,Peshawar,3,1499.0,5,4272.0
ORD10425,2023-07-08,C1727,Jacket,Clothing,East,Faisalabad,1,2209.0,0,2209.0
ORD10143,2023-07-08,C1414,Tea,Food,South,Hyderabad,6,432.0,0,2592.0
ORD10193,2023-07-09,C1399,History,Books,South,Karachi,5,685.0,20,2740.0
ORD10391,2023-07-09,C1856,Analytics,Books,North,Rawalpindi,6,992.0,5,5654.0
ORD10366,2023-07-10,C1685,Jacket,Clothing,East,Lahore,4,2471.0,0,9884.0
ORD10052,2023-07-11,C1106,Shirt,Clothing,North,Islamabad,7,2044.0,10,12877.0
ORD10357,2023-07-11,C1472,Headphones,Electronics,East,Faisalabad,1,29596.0,10,26636.0
ORD10177,2023-07-12,C1531,Tea,Food,South,Hyderabad,5,389.0,0,1945.0
ORD10126,2023-07-13,C1619,BP Monitor,Healthcare,West,Quetta,3,1791.0,5,5104.0
ORD10174,2023-07-13,C1361,Jacket,Clothing,South,Karachi,4,3088.0,0,12352.0
ORD10121,2023-07-14,C1136,Biology,Books,West,Quetta,7,670.0,0,4690.0
ORD10067,2023-07-14,C1314,Shoes,Clothing,West,Quetta,6,2449.0,0,14694.0
ORD10031,2023-07-14,C1044,Shoes,Clothing,East,Faisalabad,2,4047.0,0,8094.0
ORD10446,2023-07-16,C1104,Shoes,Clothing,West,Quetta,7,3255.0,0,22785.0
ORD10581,2023-07-16,C1761,Jeans,Clothing,East,Faisalabad,1,2170.0,15,1844.0
ORD10535,2023-07-16,C1798,Honey,Food,North,Rawalpindi,2,374.0,0,748.0
ORD10299,2023-07-16,C1802,Tablet,Electronics,South,Karachi,3,30921.0,15,78849.0
ORD10568,2023-07-17,C1733,Laptop,Electronics,East,Lahore,2,17578.0,5,33398.0
ORD10192,2023-07-17,C1582,Honey,Food,East,Lahore,7,464.0,20,2598.0
ORD10407,2023-07-18,C1254,Cap,Clothing,East,Lahore,3,1946.0,0,5838.0
ORD10524,2023-07-20,C1492,Jacket,Clothing,South,Karachi,4,2332.0,0,9328.0
ORD10079,2023-07-20,C1630,Tablet,Electronics,North,Islamabad,1,25091.0,10,22582.0
ORD10218,2023-07-21,C1464,Shoes,Clothing,North,Rawalpindi,6,3789.0,10,20461.0
ORD10098,2023-07-22,C1650,Gloves,Healthcare,West,Quetta,7,1907.0,20,10679.0
ORD10580,2023-07-22,C1759,Shirt,Clothing,East,Lahore,2,3480.0,5,6612.0
ORD10494,2023-07-23,C1251,Gloves,Healthcare,South,Karachi,3,1515.0,10,4090.0
ORD10220,2023-07-24,C1132,Shoes,Clothing,North,Rawalpindi,3,2725.0,0,8175.0
ORD10544,2023-07-25,C1132,Phone,Electronics,West,Quetta,7,24458.0,5,162646.0
ORD10398,2023-07-25,C1336,Charger,Electronics,West,Peshawar,3,29421.0,0,88263.0
ORD10458,2023-07-25,C1291,Coffee,Food,South,Karachi,3,358.0,5,1020.0
ORD10011,2023-07-26,C1553,History,Books,South,Hyderabad,4,970.0,5,3686.0
ORD10592,2023-07-26,C1158,Laptop,Electronics,West,Peshawar,2,15860.0,0,31720.0
ORD10525,2023-07-27,C1617,Coffee,Food,North,Rawalpindi,1,287.0,20,230.0
ORD10010,2023-07-27,C1439,Shoes,Clothing,East,Lahore,4,2136.0,0,8544.0
ORD10234,2023-07-27,C1350,Python,Books,South,Karachi,7,776.0,5,5160.0
ORD10159,2023-07-28,C1580,Fiction,Books,West,Quetta,3,684.0,5,1949.0
ORD10380,2023-07-28,C1429,Python,Books,North,Rawalpindi,1,617.0,15,524.0
ORD10199,2023-07-28,C1167,BP Monitor,Healthcare,South,Karachi,2,1879.0,15,3194.0
ORD10480,2023-07-29,C1828,History,Books,West,Quetta,7,1032.0,0,7224.0
ORD10147,2023-07-30,C1584,Vitamins,Healthcare,West,Peshawar,1,920.0,20,736.0
ORD10579,2023-07-30,C1288,Charger,Electronics,North,Rawalpindi,6,32281.0,0,193686.0
ORD10084,2023-07-30,C1442,Cap,Clothing,East,Lahore,3,3479.0,5,9915.0
ORD10038,2023-08-01,C1025,Jacket,Clothing,West,Quetta,6,2279.0,10,12307.0
ORD10333,2023-08-03,C1000,Protein Bar,Food,South,Hyderabad,2,309.0,0,618.0
ORD10267,2023-08-03,C1497,Fiction,Books,North,Rawalpindi,7,600.0,0,4200.0
ORD10024,2023-08-04,C1418,Protein Bar,Food,South,Karachi,5,247.0,20,988.0
ORD10140,2023-08-04,C1280,BP Monitor,Healthcare,North,Rawalpindi,2,1919.0,0,3838.0
ORD10062,2023-08-05,C1931,Honey,Food,North,Rawalpindi,3,490.0,10,1323.0
ORD10042,2023-08-06,C1432,Biology,Books,North,Rawalpindi,2,1077.0,10,1939.0
ORD10436,2023-08-06,C1467,Vitamins,Healthcare,South,Hyderabad,5,1851.0,10,8330.0
ORD10556,2023-08-07,C1164,Coffee,Food,East,Lahore,2,381.0,0,762.0
ORD10087,2023-08-08,C1317,Fiction,Books,South,Karachi,3,619.0,5,1764.0
ORD10142,2023-08-09,C1734,Cap,Clothing,East,Lahore,7,4163.0,0,29141.0
ORD10044,2023-08-10,C1289,BP Monitor,Healthcare,South,Hyderabad,6,1941.0,5,11064.0
ORD10509,2023-08-10,C1119,Python,Books,West,Peshawar,4,519.0,5,1972.0
ORD10542,2023-08-10,C1497,Coffee,Food,East,Lahore,6,261.0,0,1566.0
ORD10356,2023-08-13,C1501,Charger,Electronics,North,Rawalpindi,7,23345.0,5,155244.0
ORD10508,2023-08-17,C1753,Honey,Food,North,Rawalpindi,4,353.0,5,1341.0
ORD10090,2023-08-17,C1808,Jacket,Clothing,North,Islamabad,4,2666.0,5,10131.0
ORD10566,2023-08-19,C1811,Thermometer,Healthcare,North,Islamabad,4,1091.0,5,4146.0
ORD10106,2023-08-19,C1316,Phone,Electronics,West,Quetta,5,18550.0,0,92750.0
ORD10124,2023-08-20,C1887,Vitamins,Healthcare,South,Karachi,7,1312.0,0,9184.0
ORD10419,2023-08-20,C1898,Vitamins,Healthcare,South,Hyderabad,4,1417.0,5,5385.0
ORD10102,2023-08-21,C1794,Jeans,Clothing,West,Quetta,6,3358.0,5,19141.0
ORD10564,2023-08-22,C1710,Charger,Electronics,East,Faisalabad,3,28520.0,0,85560.0
ORD10054,2023-08-23,C1826,Cap,Clothing,East,Faisalabad,5,3670.0,0,18350.0
ORD10155,2023-08-24,C1878,Honey,Food,West,Peshawar,2,390.0,10,702.0
ORD10222,2023-08-24,C1095,Phone,Electronics,East,Faisalabad,6,18439.0,15,94039.0
ORD10198,2023-08-24,C1461,Biology,Books,East,Lahore,5,665.0,0,3325.0
ORD10414,2023-08-25,C1896,Python,Books,North,Rawalpindi,6,749.0,0,4494.0
ORD10582,2023-08-26,C1085,Cap,Clothing,West,Quetta,6,4028.0,0,24168.0
ORD10231,2023-08-27,C1321,Honey,Food,South,Hyderabad,3,427.0,0,1281.0
ORD10076,2023-08-28,C1156,Tea,Food,North,Rawalpindi,3,252.0,0,756.0
ORD10153,2023-08-28,C1395,Python,Books,East,Lahore,3,540.0,15,1377.0
ORD10309,2023-08-29,C1473,Fiction,Books,West,Peshawar,7,705.0,5,4688.0
ORD10183,2023-08-29,C1599,Nuts,Food,South,Karachi,6,388.0,5,2212.0
ORD10455,2023-08-29,C1937,Protein Bar,Food,West,Quetta,2,257.0,15,437.0
ORD10560,2023-08-29,C1539,Jeans,Clothing,North,Islamabad,2,3674.0,10,6613.0
ORD10312,2023-08-29,C1455,Jeans,Clothing,North,Rawalpindi,3,3791.0,0,11373.0
ORD10348,2023-08-29,C1959,Analytics,Books,West,Peshawar,6,944.0,5,5381.0
ORD10251,2023-08-30,C1040,BP Monitor,Healthcare,North,Islamabad,4,2092.0,20,6694.0
ORD10040,2023-08-30,C1960,Coffee,Food,North,Islamabad,4,546.0,0,2184.0
ORD10596,2023-08-31,C1102,Phone,Electronics,West,Peshawar,5,15672.0,0,78360.0
ORD10339,2023-09-01,C1832,History,Books,West,Peshawar,7,610.0,5,4056.0
ORD10266,2023-09-03,C1767,Python,Books,North,Rawalpindi,2,758.0,0,1516.0
ORD10293,2023-09-04,C1004,History,Books,West,Quetta,3,1014.0,0,3042.0
ORD10381,2023-09-05,C1747,Shoes,Clothing,North,Rawalpindi,4,2097.0,0,8388.0
ORD10319,2023-09-05,C1921,Cap,Clothing,East,Lahore,1,4134.0,15,3514.0
ORD10073,2023-09-07,C1283,Nuts,Food,West,Quetta,1,559.0,15,475.0
ORD10403,2023-09-07,C1452,Tablet,Electronics,West,Quetta,7,21294.0,0,149058.0
ORD10055,2023-09-08,C1639,BP Monitor,Healthcare,East,Faisalabad,7,1455.0,0,10185.0
ORD10096,2023-09-08,C1925,Thermometer,Healthcare,South,Karachi,6,1746.0,0,10476.0
ORD10483,2023-09-09,C1396,Jacket,Clothing,East,Faisalabad,1,2342.0,10,2108.0
ORD10506,2023-09-10,C1578,Jeans,Clothing,South,Karachi,6,3448.0,5,19654.0
ORD10460,2023-09-10,C1909,Thermometer,Healthcare,East,Faisalabad,4,920.0,20,2944.0
ORD10060,2023-09-11,C1952,Headphones,Electronics,North,Islamabad,5,32214.0,0,161070.0
ORD10015,2023-09-12,C1461,Coffee,Food,North,Islamabad,1,269.0,10,242.0
ORD10577,2023-09-12,C1004,Protein Bar,Food,East,Lahore,1,517.0,0,517.0
ORD10468,2023-09-12,C1137,Jacket,Clothing,North,Rawalpindi,2,3862.0,0,7724.0
ORD10018,2023-09-13,C1263,Cap,Clothing,South,Hyderabad,4,2438.0,20,7802.0
ORD10003,2023-09-13,C1354,Gloves,Healthcare,North,Rawalpindi,6,1658.0,10,8953.0
ORD10215,2023-09-13,C1990,Phone,Electronics,North,Islamabad,2,31462.0,0,62924.0
ORD10122,2023-09-13,C1495,Tablet,Electronics,North,Rawalpindi,6,26904.0,0,161424.0
ORD10108,2023-09-14,C1802,Vitamins,Healthcare,South,Karachi,2,1661.0,20,2658.0
ORD10195,2023-09-15,C1489,Vitamins,Healthcare,West,Quetta,6,1287.0,5,7336.0
ORD10377,2023-09-15,C1301,Honey,Food,South,Karachi,4,552.0,0,2208.0
ORD10139,2023-09-15,C1620,Tea,Food,North,Rawalpindi,2,250.0,0,500.0
ORD10350,2023-09-17,C1543,Analytics,Books,North,Islamabad,4,492.0,0,1968.0
ORD10097,2023-09-17,C1165,Python,Books,North,Rawalpindi,2,816.0,0,1632.0
ORD10415,2023-09-17,C1764,Shoes,Clothing,East,Lahore,2,2025.0,15,3442.0
ORD10213,2023-09-18,C1464,Biology,Books,South,Karachi,6,803.0,10,4336.0
ORD10269,2023-09-20,C1637,Gloves,Healthcare,South,Hyderabad,1,1612.0,0,1612.0
ORD10598,2023-09-20,C1237,Tablet,Electronics,South,Karachi,5,26581.0,0,132905.0
ORD10035,2023-09-20,C1874,Laptop,Electronics,West,Quetta,2,18585.0,5,35312.0
ORD10401,2023-09-21,C1999,BP Monitor,Healthcare,East,Lahore,4,1088.0,0,4352.0
ORD10253,2023-09-21,C1534,Honey,Food,North,Islamabad,1,507.0,0,507.0
ORD10061,2023-09-22,C1137,History,Books,North,Rawalpindi,6,534.0,15,2723.0
ORD10259,2023-09-22,C1446,Shirt,Clothing,South,Karachi,1,1986.0,10,1787.0
ORD10412,2023-09-22,C1926,History,Books,North,Rawalpindi,1,1036.0,5,984.0
ORD10041,2023-09-22,C1140,Protein Bar,Food,North,Rawalpindi,4,443.0,0,1772.0
ORD10187,2023-09-22,C1907,Python,Books,South,Hyderabad,4,941.0,5,3576.0
ORD10093,2023-09-24,C1313,Honey,Food,North,Islamabad,2,347.0,0,694.0
ORD10510,2023-09-24,C1021,Jeans,Clothing,East,Lahore,5,2241.0,0,11205.0
ORD10233,2023-09-24,C1391,Mask,Healthcare,South,Hyderabad,5,2012.0,15,8551.0
ORD10334,2023-09-25,C1975,Biology,Books,South,Hyderabad,4,501.0,5,1904.0
ORD10471,2023-09-25,C1913,History,Books,West,Quetta,5,560.0,0,2800.0
ORD10514,2023-09-26,C1546,Jeans,Clothing,West,Quetta,4,2333.0,0,9332.0
ORD10080,2023-09-26,C1099,Charger,Electronics,South,Karachi,6,18861.0,0,113166.0
ORD10321,2023-09-26,C1580,Laptop,Electronics,West,Peshawar,1,17651.0,10,15886.0
ORD10371,2023-09-27,C1042,Shoes,Clothing,West,Quetta,5,4030.0,20,16120.0
ORD10116,2023-09-27,C1907,History,Books,North,Rawalpindi,6,993.0,0,5958.0
ORD10533,2023-09-27,C1321,Cap,Clothing,East,Faisalabad,7,3400.0,0,23800.0
ORD10369,2023-09-27,C1100,Vitamins,Healthcare,North,Rawalpindi,4,1314.0,0,5256.0
ORD10156,2023-09-28,C1949,Python,Books,South,Hyderabad,1,948.0,10,853.0
ORD10349,2023-09-28,C1224,Honey,Food,South,Hyderabad,3,393.0,0,1179.0
ORD10482,2023-09-29,C1208,Tablet,Electronics,North,Rawalpindi,3,24057.0,15,61345.0
ORD10274,2023-09-29,C1373,Mask,Healthcare,East,Lahore,5,1057.0,0,5285.0
ORD10046,2023-09-30,C1881,BP Monitor,Healthcare,South,Karachi,7,1880.0,0,13160.0
ORD10342,2023-10-01,C1527,Thermometer,Healthcare,South,Karachi,5,1300.0,0,6500.0
ORD10208,2023-10-01,C1221,Protein Bar,Food,South,Karachi,2,496.0,0,992.0
ORD10521,2023-10-01,C1621,Charger,Electronics,South,Hyderabad,4,33614.0,0,134456.0
ORD10287,2023-10-01,C1268,Nuts,Food,West,Peshawar,7,341.0,0,2387.0
ORD10325,2023-10-02,C1216,History,Books,West,Quetta,1,970.0,0,970.0
ORD10228,2023-10-03,C1143,Vitamins,Healthcare,North,Rawalpindi,7,1884.0,5,12529.0
ORD10504,2023-10-03,C1554,Cap,Clothing,North,Islamabad,2,2651.0,5,5037.0
ORD10418,2023-10-04,C1872,Nuts,Food,West,Quetta,3,391.0,0,1173.0
ORD10151,2023-10-06,C1566,Analytics,Books,East,Faisalabad,3,914.0,10,2468.0
ORD10285,2023-10-06,C1552,Tablet,Electronics,South,Karachi,4,23147.0,5,87959.0
ORD10389,2023-10-06,C1308,Protein Bar,Food,West,Peshawar,4,485.0,10,1746.0
ORD10115,2023-10-06,C1713,Laptop,Electronics,South,Hyderabad,1,17186.0,5,16327.0
ORD10440,2023-10-07,C1928,Analytics,Books,North,Islamabad,6,542.0,15,2764.0
ORD10078,2023-10-09,C1446,Fiction,Books,West,Quetta,1,927.0,10,834.0
ORD10546,2023-10-10,C1331,Shoes,Clothing,North,Islamabad,3,3216.0,0,9648.0
ORD10307,2023-10-10,C1736,Gloves,Healthcare,South,Hyderabad,6,1996.0,0,11976.0
ORD10165,2023-10-10,C1901,Phone,Electronics,South,Karachi,3,30296.0,15,77255.0
ORD10559,2023-10-10,C1267,Tea,Food,West,Quetta,3,436.0,5,1243.0
ORD10036,2023-10-11,C1433,Laptop,Electronics,South,Karachi,7,34437.0,5,229006.0
ORD10190,2023-10-12,C1913,Coffee,Food,West,Peshawar,2,515.0,0,1030.0
ORD10004,2023-10-12,C1497,Charger,Electronics,South,Hyderabad,5,18893.0,0,94465.0
ORD10304,2023-10-13,C1975,Thermometer,Healthcare,East,Lahore,1,2026.0,10,1823.0
ORD10014,2023-10-14,C1417,Thermometer,Healthcare,North,Rawalpindi,4,1697.0,0,6788.0
ORD10396,2023-10-14,C1166,Coffee,Food,East,Faisalabad,1,550.0,10,495.0
ORD10065,2023-10-14,C1117,Biology,Books,South,Karachi,5,1076.0,0,5380.0
ORD10516,2023-10-15,C1758,BP Monitor,Healthcare,East,Lahore,2,1420.0,0,2840.0
ORD10284,2023-10-16,C1710,Gloves,Healthcare,West,Quetta,4,1453.0,0,5812.0
ORD10355,2023-10-16,C1078,History,Books,West,Peshawar,7,1101.0,5,7322.0
ORD10567,2023-10-16,C1454,Cap,Clothing,South,Hyderabad,2,2598.0,0,5196.0
ORD10410,2023-10-17,C1990,Jacket,Clothing,North,Rawalpindi,7,1941.0,0,13587.0
ORD10180,2023-10-17,C1531,History,Books,North,Rawalpindi,5,616.0,15,2618.0
ORD10128,2023-10-17,C1860,Phone,Electronics,North,Rawalpindi,2,30676.0,0,61352.0
ORD10200,2023-10-19,C1699,Shirt,Clothing,North,Islamabad,4,3814.0,0,15256.0
ORD10590,2023-10-20,C1121,Protein Bar,Food,South,Karachi,2,521.0,0,1042.0
ORD10277,2023-10-20,C1147,Analytics,Books,East,Faisalabad,2,709.0,0,1418.0
ORD10114,2023-10-20,C1238,Analytics,Books,North,Rawalpindi,4,1072.0,10,3859.0
ORD10586,2023-10-22,C1295,Shoes,Clothing,North,Islamabad,6,3425.0,0,20550.0
ORD10368,2023-10-23,C1205,Jacket,Clothing,South,Karachi,6,2707.0,5,15430.0
ORD10030,2023-10-23,C1634,BP Monitor,Healthcare,South,Hyderabad,4,1281.0,20,4099.0
ORD10178,2023-10-26,C1839,Analytics,Books,West,Quetta,1,955.0,0,955.0
ORD10212,2023-10-27,C1545,Cap,Clothing,East,Faisalabad,4,2023.0,0,8092.0
ORD10111,2023-10-27,C1733,Gloves,Healthcare,East,Lahore,7,2081.0,0,14567.0
ORD10002,2023-10-28,C1092,Charger,Electronics,West,Quetta,3,23868.0,0,71604.0
ORD10094,2023-10-29,C1709,Headphones,Electronics,West,Peshawar,4,32131.0,0,128524.0
ORD10383,2023-10-29,C1533,History,Books,West,Peshawar,3,584.0,5,1664.0
ORD10448,2023-10-30,C1295,Phone,Electronics,North,Rawalpindi,7,26869.0,5,178679.0
ORD10256,2023-10-30,C1361,Fiction,Books,North,Rawalpindi,4,1105.0,10,3978.0
ORD10500,2023-11-02,C1405,Coffee,Food,North,Rawalpindi,4,266.0,15,904.0
ORD10421,2023-11-04,C1032,Jeans,Clothing,North,Islamabad,6,2991.0,15,15254.0
ORD10498,2023-11-05,C1860,Tablet,Electronics,West,Peshawar,3,18500.0,10,49950.0
ORD10329,2023-11-05,C1829,Charger,Electronics,North,Islamabad,4,29858.0,0,119432.0
ORD10360,2023-11-07,C1477,Honey,Food,East,Lahore,2,317.0,5,602.0
ORD10439,2023-11-07,C1931,BP Monitor,Healthcare,North,Islamabad,2,1533.0,0,3066.0
ORD10104,2023-11-07,C1304,Jacket,Clothing,East,Faisalabad,5,3011.0,15,12797.0
ORD10075,2023-11-08,C1776,Headphones,Electronics,West,Quetta,1,19817.0,0,19817.0
ORD10530,2023-11-08,C1778,Shirt,Clothing,West,Peshawar,2,1883.0,10,3389.0
ORD10451,2023-11-09,C1383,Gloves,Healthcare,North,Rawalpindi,1,1306.0,10,1175.0
ORD10376,2023-11-10,C1413,Coffee,Food,West,Quetta,6,383.0,0,2298.0
ORD10000,2023-11-10,C1526,Headphones,Electronics,East,Lahore,4,28947.0,0,115788.0
ORD10550,2023-11-10,C1469,Vitamins,Healthcare,South,Karachi,6,1623.0,0,9738.0
ORD10572,2023-11-10,C1165,Headphones,Electronics,North,Rawalpindi,2,18676.0,0,37352.0
ORD10393,2023-11-11,C1893,Cap,Clothing,South,Hyderabad,3,3911.0,0,11733.0
ORD10263,2023-11-12,C1617,Coffee,Food,East,Faisalabad,5,305.0,10,1372.0
ORD10232,2023-11-13,C1666,Shirt,Clothing,West,Peshawar,6,3214.0,0,19284.0
ORD10437,2023-11-15,C1329,Coffee,Food,West,Peshawar,2,418.0,0,836.0
ORD10250,2023-11-15,C1133,Shirt,Clothing,East,Faisalabad,7,3322.0,0,23254.0
ORD10406,2023-11-16,C1938,Fiction,Books,West,Quetta,3,567.0,0,1701.0
ORD10172,2023-11-16,C1719,Nuts,Food,North,Rawalpindi,5,349.0,5,1658.0
ORD10476,2023-11-17,C1584,Gloves,Healthcare,West,Quetta,3,2052.0,0,6156.0
ORD10181,2023-11-17,C1062,BP Monitor,Healthcare,East,Faisalabad,1,2092.0,0,2092.0
ORD10322,2023-11-18,C1938,Headphones,Electronics,North,Rawalpindi,3,27769.0,5,79142.0
ORD10148,2023-11-18,C1182,Shirt,Clothing,East,Faisalabad,1,3087.0,5,2933.0
ORD10032,2023-11-22,C1223,Jacket,Clothing,West,Quetta,2,3597.0,15,6115.0
ORD10400,2023-11-23,C1120,Shirt,Clothing,South,Hyderabad,2,2246.0,0,4492.0
ORD10118,2023-11-23,C1415,Vitamins,Healthcare,West,Peshawar,5,1706.0,0,8530.0
ORD10404,2023-11-24,C1612,Biology,Books,South,Karachi,4,642.0,10,2311.0
ORD10417,2023-11-25,C1004,Shoes,Clothing,South,Hyderabad,1,3548.0,0,3548.0
ORD10252,2023-11-26,C1761,Shoes,Clothing,East,Lahore,4,1908.0,15,6487.0
ORD10207,2023-11-27,C1821,Phone,Electronics,East,Faisalabad,3,30749.0,10,83022.0
ORD10457,2023-11-30,C1548,Headphones,Electronics,North,Islamabad,6,17917.0,0,107502.0
ORD10013,2023-12-01,C1293,Gloves,Healthcare,West,Peshawar,2,970.0,0,1940.0
ORD10332,2023-12-03,C1968,Mask,Healthcare,East,Lahore,4,1492.0,0,5968.0
ORD10047,2023-12-04,C1143,Tablet,Electronics,East,Lahore,2,31493.0,0,62986.0
ORD10238,2023-12-04,C1616,Fiction,Books,West,Peshawar,1,851.0,0,851.0
ORD10354,2023-12-04,C1873,Fiction,Books,East,Lahore,3,1089.0,0,3267.0
ORD10543,2023-12-05,C1821,Charger,Electronics,East,Faisalabad,2,27208.0,10,48974.0
ORD10103,2023-12-06,C1844,History,Books,North,Rawalpindi,3,825.0,0,2475.0
ORD10202,2023-12-07,C1938,Tablet,Electronics,South,Hyderabad,7,34616.0,0,242312.0
ORD10382,2023-12-08,C1415,Shirt,Clothing,South,Hyderabad,7,3256.0,10,20513.0
ORD10160,2023-12-08,C1338,Jacket,Clothing,North,Rawalpindi,5,2922.0,0,14610.0
ORD10068,2023-12-08,C1127,Shirt,Clothing,West,Peshawar,1,2851.0,0,2851.0
ORD10472,2023-12-11,C1836,Vitamins,Healthcare,South,Karachi,7,2041.0,0,14287.0
ORD10217,2023-12-12,C1289,Honey,Food,West,Peshawar,2,311.0,5,591.0
ORD10201,2023-12-12,C1153,History,Books,North,Islamabad,3,1119.0,0,3357.0
ORD10051,2023-12-13,C1416,Tablet,Electronics,North,Rawalpindi,2,19988.0,5,37977.0
ORD10548,2023-12-13,C1435,BP Monitor,Healthcare,West,Quetta,6,1010.0,0,6060.0
ORD10070,2023-12-14,C1877,Fiction,Books,North,Rawalpindi,6,556.0,15,2836.0
ORD10166,2023-12-14,C1941,Charger,Electronics,East,Faisalabad,3,16436.0,0,49308.0
ORD10588,2023-12-15,C1717,Vitamins,Healthcare,North,Islamabad,4,1242.0,0,4968.0
ORD10164,2023-12-17,C1883,Laptop,Electronics,North,Islamabad,1,28050.0,0,28050.0
ORD10154,2023-12-17,C1919,Headphones,Electronics,South,Karachi,3,18569.0,0,55707.0
ORD10291,2023-12-17,C1276,Nuts,Food,North,Islamabad,5,501.0,0,2505.0
ORD10558,2023-12-18,C1096,Tablet,Electronics,South,Karachi,4,31315.0,10,112734.0
ORD10242,2023-12-19,C1851,Tablet,Electronics,North,Rawalpindi,2,34272.0,15,58262.0
ORD10562,2023-12-19,C1265,Charger,Electronics,North,Rawalpindi,3,24310.0,0,72930.0
ORD10257,2023-12-19,C1898,Nuts,Food,North,Rawalpindi,6,415.0,5,2366.0
ORD10538,2023-12-20,C1113,Fiction,Books,North,Rawalpindi,5,544.0,5,2584.0
ORD10358,2023-12-20,C1969,Biology,Books,East,Lahore,7,949.0,0,6643.0
ORD10528,2023-12-20,C1393,BP Monitor,Healthcare,East,Faisalabad,3,969.0,15,2471.0
ORD10037,2023-12-20,C1121,Charger,Electronics,North,Islamabad,2,17636.0,5,33508.0
ORD10416,2023-12-21,C1214,Laptop,Electronics,South,Karachi,2,29164.0,5,55412.0
ORD10438,2023-12-22,C1918,Gloves,Healthcare,East,Faisalabad,7,1400.0,5,9310.0
ORD10149,2023-12-23,C1836,Shoes,Clothing,North,Islamabad,5,2507.0,5,11908.0
ORD10230,2023-12-24,C1289,Honey,Food,West,Peshawar,6,400.0,0,2400.0
ORD10244,2023-12-25,C1934,Mask,Healthcare,North,Rawalpindi,5,1629.0,0,8145.0
ORD10340,2023-12-26,C1581,Jeans,Clothing,West,Peshawar,2,4164.0,15,7079.0
ORD10576,2023-12-27,C1559,Vitamins,Healthcare,West,Quetta,3,1706.0,10,4606.0
ORD10375,2023-12-27,C1971,Vitamins,Healthcare,North,Rawalpindi,3,2016.0,5,5746.0
ORD10499,2023-12-28,C1032,Jacket,Clothing,West,Peshawar,2,2248.0,0,4496.0
ORD10453,2023-12-28,C1552,Vitamins,Healthcare,North,Rawalpindi,7,1960.0,5,13034.0
ORD10390,2023-12-29,C1276,Charger,Electronics,South,Karachi,7,30402.0,0,212814.0
ORD10237,2023-12-29,C1052,Jacket,Clothing,West,Quetta,7,3234.0,5,21506.0
ORD10539,2023-12-29,C1183,Cap,Clothing,East,Lahore,3,2480.0,5,7068.0
ORD10338,2023-12-29,C1340,Python,Books,East,Faisalabad,6,1114.0,5,6350.0
ORD10074,2023-12-31,C1623,Fiction,Books,North,Islamabad,5,906.0,5,4304.0
